reb,ast,stl,blk,tov,pts,label
-0.021419168986074526,0.49997688444709554,-0.4428101732219239,0.09920308478640266,-0.15635161427385222,-0.2329237762816053,0
0.4085906755386262,1.285148252475082,0.32403712897915865,0.5999857562190266,0.8320552891480542,0.7518776711044055,1
-0.19106129091453897,0.01954522067931028,0.2879691836603197,0.22014566525875912,-0.25062815521712517,-0.13319366185627537,0
2.712188756785576,1.0866626492080196,0.6776261586327971,-0.6726445179239481,-0.04584872478949508,0.5303660552149143,0
0.14640144858483561,0.1465660875269328,0.07015818591313415,-0.13966625129334218,-0.18479979050586226,-0.007227120905746764,0
-0.6631391907387653,-0.47328614716230705,-0.40231143637934313,-0.06718966445128786,-0.4421795667902882,-0.5081380886625348,0
-0.3552410770465395,-0.08838804240874319,0.19905758219582653,0.07116276935092379,0.01378354499253125,-0.548063313838578,0
0.2055053772552049,0.674908191623367,-0.9999627672284666,1.1752328962184933,-0.20347949602773593,-0.2611440818801347,0
-0.2679179482122674,-0.18508884591929653,-0.3539557202466311,-0.36981900052881195,-0.30316433373618223,-0.29212267112563195,0
0.6277909146180255,0.3200417030876638,2.1454575362886112,-0.9996770048418009,-0.14807258839252088,-0.029241598200968614,0
0.09441307401841062,-0.04271969754630215,-0.23721673276139016,-0.32669350525209784,-0.06415971812278226,0.041475296803802485,0
0.20547556585457902,6675.6338169912715,-0.9999829346355438,0.0,-0.6183023994694969,0.36984037773644474,0
0.18036689270860387,1.9403297979067313,1.1260020594744298,-0.3470050609502463,1.0563167430868752,0.12683359111765946,0
0.80238014171868,1.2384149209755682,1.0398536479488523,0.9501815361132542,0.33076877753226824,0.48498595762806496,0
-0.29529941054777253,-0.49997305097198963,-0.41604495850616413,0.02844949292412457,-0.21740073622363285,-0.3443420728490142,0
-0.13278281100469008,-0.5283371698722218,-0.006320444699140457,-0.086907523182672,-0.3437392913477269,-0.37557785362387053,0
-0.14203598609300117,-0.12317661247506971,-0.06469784642757785,-0.6509962798196463,-0.08900505753462039,-0.12138154214766315,0
0.12260105634180507,0.07970649349051599,-0.19834815100718978,0.5881574785175068,0.13190460167868753,0.08845457612296283,0
0.24451993440425085,0.22381152443961344,1.1271678724968601,-0.5668933528942762,1.1623826674004574,-0.23521452596997153,0
-0.013285647995595323,-0.22825479141784286,-0.12712295050469533,-0.04754231613949897,-0.1641796992114227,-0.06461740908582181,0
0.14359836693080208,0.2855818787342793,-0.0422404046646905,0.46504417721638724,0.33380512294301357,0.16957885908347203,0
-0.01292646134862544,-0.18095573157862554,0.35004766998629616,0.00021293947141209614,-0.29350430023418855,-0.15659730608989564,0
-0.26559361082667976,-0.3021970923615747,-0.7002023516587892,1.572486246972546,-0.3401323980737011,-0.3140928482753393,0
0.05650383874673767,0.4834106364505657,-0.07418759905368114,-0.030684854384392918,-0.08371141068597611,-0.13469180608897485,0
0.36606038963337784,0.2716344249314573,1.5290212978903932,-0.04041364261201693,-0.042306220460132375,0.2834925269739403,0
0.04805887127146221,0.20709813725469797,-0.27553105938862804,0.1476727247566222,-0.2100246940813027,0.2724773361153145,0
-0.12185273054724119,-0.08610587761843487,-0.1783322271928359,-0.3772211323211313,-0.3883580032915874,-0.6229684947154097,0
0.20461592580784663,0.43193518022196487,0.018601856846474064,-0.1934344888245657,0.44824544344444545,1.0123731470481767,0
0.11497145301655126,-0.39518529417009624,-0.17534140736674017,-0.07860642705037998,-0.2929641186216653,-0.26111576523176033,0
-0.14904560654556717,0.11789117068260618,-0.15027526108248715,-0.43983896761422614,0.18879902331699933,0.16760290141518597,0
0.09482499668513548,0.1424013653335476,0.07816254132442349,0.1568418100904001,0.456279990403396,-0.03350667043213476,0
-0.3038190695015098,-0.2731532723335297,-0.5216463636874835,-0.8297840101526496,-0.6510067982890668,-0.4094151402458827,0
0.03697845205300044,-0.5047201235557459,-0.6459100974966944,-0.5485416856691003,0.11865236491951563,-0.04311250539729487,0
-0.18660690999383933,-0.23282960501894212,0.005504815095676086,-0.13226987332731738,-0.23117569257407442,-0.32366094717069904,0
0.1521270097502709,0.4421513835351027,-0.35686633363777975,0.1548456101588061,0.5569190333714372,0.30875766442295954,0
0.3121127998475473,0.29901051070859314,0.4976611479602423,0.38192375948235485,0.8425071422448545,0.8952976900071459,1
0.05333397220100217,-0.06402489321210801,0.24081520946626384,-0.12689739652367726,0.13309026885977565,0.016958868365254523,0
0.21168022920582738,0.3750401452424387,0.16506120183476714,-0.18879861937115017,0.5405129110232165,-0.09961915367055933,0
0.2763264467327231,0.548703897886151,-0.06761936936471857,0.19562979129888952,0.37243252143282507,0.6601956077121968,0
0.10823584305563275,0.48163783285972395,0.23600304201380964,-0.2499320849529775,0.2319518376604084,0.17357230034937504,0
0.0006852574734102701,-0.021457185768824247,-0.3675154386413581,0.12565746629529778,0.0943556903713437,-0.08149319108816201,0
-0.017970097685182533,-0.10743945457725429,0.02678825823417215,0.12676430903551872,-0.04544843435907771,0.04803326554408911,0
0.004597639946362866,0.04953962904091843,-0.3622585614972825,7.828915829865724,0.45562930292260595,0.10321491761280595,0
-0.6555487295658157,-0.9999338787544574,0.11658134080911306,-0.6834797332867706,-0.6667800109657068,-0.7028280650069698,0
1.9734329699843516,0.6943181378937063,0.6776711283918129,0.800095464424364,2.0742501675885117,4.663812554685797,0
0.02940057797793833,-0.03401899036735502,-0.1947004915249722,0.24300681138072647,-0.1276336485904562,-0.01957048901560106,0
1.2440785782532608,4.885941864363867,0.6668224255121402,0.12707293411694942,0.7235368851660579,0.9529005843429081,0
-0.1512118794029633,-0.46536126303448794,0.35734881832826537,-0.6054552845219563,-0.3521508076117313,-0.14851480004602374,0
-0.07507571569636465,0.1934877680586183,-0.6355180003801234,-0.16199490971649286,-0.5064588571016982,-0.1514782993249852,0
-0.34435351604233216,-0.6809851123791432,-0.21986614495410392,-0.9999427685039107,-0.37727301466088625,-0.7990715785803476,0
0.24812877520255597,-0.159676472244213,-0.10593846428432707,0.3351498484230658,0.11771397021157617,0.07184084903368683,0
0.38570837029678856,0.4817000706251408,-0.09896737707480643,0.18382685725230352,1.2311821805446654,0.7005698476970027,0
0.693980594812271,0.23928251565760236,1.072324098321004,1.4256802698160662,-0.11599910766581746,0.027807911992056934,0
0.08314467249385679,1.209848185035465,-0.09225707232756923,-0.10481268202697208,0.6279048770467527,0.03460315411941247,0
0.9416636776389071,1.3190696290989548,0.5636904522674726,0.6342234554511305,0.5354294026850872,1.1107111073382236,0
0.8983068464270573,2.235080373819689,1.0227525190482578,0.009176066211345684,1.6463612784749642,1.0233062790628336,0
0.5167100347089157,0.5368861432746902,0.23107648855948001,-0.20327578529673562,0.5640283176282267,0.5273230164484183,1
0.11441947187446448,-0.32058736609545374,0.30239897548849487,-0.04169821437091039,-0.02829799906164007,-0.21956200335681136,0
0.9997205941813327,0.6822361391639312,2.0704844892197394,0.03597216194877805,0.8935019290492334,1.1289932517827714,0
0.02013564989628784,0.050236708159554645,-0.23345295514493322,0.2574619593256474,-0.08351202439035267,-0.13865629276325575,0
0.14640511462234035,0.4166693336143351,0.5755502774501331,0.1239916902469403,0.3192039340534737,0.2305274366923651,0
-0.1421719837474507,-0.29039458342410224,0.366736635163735,-0.46669436627834865,-0.39409065313725444,-0.3003783304104961,0
-0.10824777221382743,-0.07953894701528326,-0.14219681399405756,-0.5068697574274,-0.28127970362837773,-0.33768232726522845,0
0.16898180274203,0.43645980864812256,0.5517587231594082,-0.22920555607750462,0.2953215800989948,0.6795308340986576,0
0.6779307438954115,0.5547774557425506,-0.03639498183850771,0.007077864439090097,0.6527012514426,0.01829719209651799,0
0.27068229438963476,0.4962531971061451,-0.05532351531301657,-0.09710018471578341,0.42948386013287837,0.0442695942281954,0
-0.5676290671602566,-0.7270860245446027,0.2223146333590798,-0.4267226646865143,-0.6300405599180172,-0.6460477123966955,0
-0.287681064429651,0.2030989349833637,-0.06592285933604114,0.2566375661979474,0.08157922133247529,-0.20036024304226377,0
0.09290027574642702,-0.1382273733068518,0.29698297107156485,0.19072028855414966,0.0985973460785462,-0.1805986747171325,0
-0.5580188806408891,-0.17624394616687789,-0.2747907699768478,0.3705384439252573,-0.3796831633819412,-0.6805517159855293,0
0.20770928486519763,-0.17874203826842652,0.22355780384295823,0.020376096189866667,-0.3778448999469133,0.09788880672255239,0
-0.18664813804991576,-0.29886181431902564,-0.33348595437273265,0.15160709073028622,-0.16908649800294928,-0.3427657855931837,0
0.3560990485093718,-0.3287619300446514,0.3073361291000324,-0.3763669519166382,0.08148172872346429,0.06509412767614405,0
0.31266169571366875,-0.02796064553157837,0.5345229453985653,-0.10392166307781789,0.5435789011997308,0.46759641330699125,0
-0.27957473781125125,-0.3688893315120402,0.14686221222677806,-0.2328812688113114,-0.5296599088391349,-0.41745609021102337,0
-0.2998895196578665,-0.4569918906471028,-0.22930353719830532,0.7616307709102337,-0.31845515503140853,-0.40679465233052214,0
-0.5431259423620787,-0.6557908711325494,-0.39158601271928306,-0.2775222578861725,-0.6155194952156541,-0.5931432605029555,0
-0.012757116258514925,-0.30470425001265206,-0.061253152867391414,-0.182411172598005,0.027636032513181426,-0.04164293519824099,0
0.0,-0.7491422325662299,58985.11357005149,0.0,15634.162504711037,-0.7552777994388834,0
2.3273164029619617,4.203921965050902,4.284241310471126,-0.01809708821763825,6.631780736626237,4.788228411780089,0
0.8819449140435424,2.788529119965562,0.683022495088687,3.033357996701999,0.5066754937195775,1.1472505222334404,0
0.15676504364101398,0.15052801134146174,-0.6332752873244336,0.008876359295000883,0.6550119565900783,0.2524109771742281,0
-0.20621999862880547,-0.2058146424352785,-0.07322165534493984,0.3786737883154308,-0.21786206111821801,-0.11772834763147759,0
0.04499533363925416,-0.2598392497635243,1.1102775489583396,1.4722244808753864,-0.11275542301249217,0.08453310713802649,0
0.49758278887262986,0.582555042445213,0.40924598357097197,-0.47928755194625944,0.2143657584929899,0.030122251082563018,0
-0.05469451339861434,-0.3078048397582923,-0.42582494378064273,-0.6676075118912622,0.0056830223661970885,-0.33441663174171316,0
0.006806008158135415,-0.1988906646588712,-0.3056914199586359,0.10851915117062806,0.36884519874285804,-0.2381830210533734,0
-0.45114344043628973,-0.2872562481018582,0.015769730770912954,0.10088744882625936,0.05910345798602233,-0.27575492426859016,0
0.20499301158650443,-0.04036682606209059,-0.2178275764293255,-0.028544208946412346,0.04550338522811132,-0.08460725364413221,0
-0.3925700150661739,-0.1635553952969834,-0.23704335704128943,-0.6488557982643802,-0.5901809298983562,-0.5263824675763482,0
-0.06646109089908839,-0.15313707254004477,-0.190851330358152,-0.00632166538277299,-0.29895364288886817,-0.07306933951465876,0
-0.9999235331362399,-0.1588437103362509,-0.9999669040661644,-0.9999310768536014,-0.9999802735881309,-0.38359667759217086,0
0.23642300176765213,0.4947041504554826,0.3937726384799157,-0.06438969008513704,-0.04671247811988986,-0.13378836085503212,0
0.40353382685316747,1.1793311572625422,0.2285572707861506,-0.14849565366344364,0.12131688694472523,0.5442389071343791,0
-0.023171175200998845,0.2655938321820329,-0.24503213460579154,0.08401601026670398,0.09727104708294769,-0.2533873007553187,0
-0.22347780574174406,-0.28816687209869135,-0.537859558671129,-0.360672050250724,-0.5398116008222185,-0.332188268928923,0
-0.22089476509009498,-0.16865598880343646,-0.059798896078990034,-0.06056533757376672,0.1849895023778498,-0.015130406936361546,0
-0.5603008975309867,-0.4290290394305968,-0.08479450998365275,-0.22531100282436256,-0.4393136159134671,-0.6941089972270039,0
-0.24198205449499516,-0.6432610589716139,-0.46949473495333904,-0.17525117715422855,-0.05824053585862672,-0.47420887734120243,0
-0.17598523217880715,-0.15982220113424978,0.21095865079173315,-0.1730820829488667,-0.3028438769446226,-0.4827771056272484,0
-0.07665517894899794,-0.09117179541048727,-0.0722150638750976,-0.38229010114124146,-0.10959063930075948,0.01925353430349908,0
-0.46022249631609735,-0.08923697590850836,-0.48005512202085177,-0.5137845567880699,-0.15149265413284108,-0.24596520152305404,0
0.9175124269577791,1.355214310328494,0.9663070098277998,-0.020231959875741612,1.3456020298679359,0.8156977775609383,0
0.37944742702582834,0.22706587805239803,0.2902228856241482,0.704530282174792,0.2116100114807578,0.12932207837606488,0
0.4210192906981312,0.4806759277772997,0.06953134910558513,0.2887304966933948,0.16051372430116315,0.19885733587837467,1
1.01055790479067,1.038810410584816,1.6924715635269016,0.33893657167095964,0.8489134944829031,0.8639691121265258,0
0.20681340201577128,0.4850319116964053,-0.04331417617379518,-0.35096629090759285,0.1854819708331178,0.331322144684142,1
-0.469329683202332,-0.3557712849411257,-0.39291024821531156,-0.4026387376565274,-0.5707827272177615,-0.38676650942108437,0
-0.3275394582912009,1.615254879084488,0.45783948529818985,15718.994974065266,29111.888801875724,0.7900478837298822,0
0.03266835080195892,0.05895378793288033,-0.1810515013222672,0.19823395667695665,0.1807830369553558,0.15182328812319637,0
-0.023555550265734436,0.8870296200543822,0.11816210399042139,-0.08288412307378841,0.5339974725136793,-0.00017619770974365649,0
-0.5580994404796062,-0.5562357914372971,-0.4500748314804103,-0.7585797848938844,-0.767224392899807,-0.695990868899414,0
-0.0987352516426135,-0.4348458799902365,0.3485412018699049,-0.28304819921161684,-0.43729044980750653,-0.3656850433002557,0
-0.6529380487592525,-0.7616735307884719,-0.9999536810801034,-0.9998772372557858,-0.9999355838151702,-0.9347273569986795,0
-0.10154233165576278,-0.0973794961788544,-0.6432191999840494,-0.03627794080309402,-0.3678609740513088,-0.5162629620724958,0
-0.14170007615984095,-0.18219701445773695,0.23574229693927326,-0.3435030870246361,-0.15760518132231455,-0.1827605180441456,0
0.13674776991398382,0.2957963057046728,-0.2776752098743709,-0.21051234125276339,0.3681647526573298,-0.0400331434807709,0
1.625541535079014,1.247296311895349,1.6306176756196915,2.4900646772414388,1.6183482933134572,1.6695525212183204,0
0.7042662159906626,0.3988043640917904,1.2907952844217656,3.0626439413598847,1.243195121717754,2.238835851244458,0
0.18777732902967345,-0.5622048704014531,0.12165565493576135,0.8851543535592111,-0.31740818643732494,-0.351716955111502,0
0.33931829429223687,0.3606364214047937,-0.19639153806652382,-0.3650119976699656,-0.06901172768276402,-0.2538311245607693,0
0.2819225303010188,0.18317734742351288,1.4956119511768107,-0.23485610705620696,0.4193729271274645,-0.043714845510302976,0
-0.30327951562207667,-0.06094141767016816,-0.1021280084794654,0.3785842941835061,-0.16837362421800267,-0.44546154339203164,0
-0.35869267639449764,-0.28248370711517984,-0.28529045429045385,0.394209378009392,-0.05157244045712913,-0.27877151045781784,0
0.19322627324362315,0.37344551706684026,-0.25104037109348293,0.21354078826188794,0.014986646930618087,0.24485981179837826,0
-0.3106417627012128,-0.19411786399494269,-0.039182999202847665,-0.9997351285708826,-0.11513617453359772,-0.06881208209507414,0
-0.18282929559213532,-0.12767970806528586,0.23539224663373542,0.5062816525274059,-0.04951068216833087,0.19601206940188515,0
0.028701102492797854,-0.06016443166062246,-0.1104694230555563,-0.13361341416074365,0.05478107423311737,0.19641612141752876,0
0.057459647691764815,0.5837295168352691,3.767555331465668,7997.383407857767,1.5104592537855714,0.37330319196337663,0
-0.5687734016763653,-0.17788905218850273,0.026502594118261568,0.7163996417420517,-0.012371107192510673,-0.33091906784397546,0
-0.24101657543217445,-0.44050231790887456,-0.2005546077943017,0.7886228080802357,-0.4769102728850686,-0.42060519414381803,0
-0.09864985158465116,0.6557764513812496,0.40629909895439587,-0.4299306456585807,0.4805110852037506,0.44935600838276546,1
-0.14919407843517474,-0.264373545101026,-0.05368349205484166,-0.7658568282031532,-0.19663232953863075,-0.07508672293973953,0
0.06102892915316146,0.4449423022889532,0.5828693255259231,0.636419873514019,0.9274807391882333,0.19490622990251819,0
-0.20889662372938456,-0.2412865649880162,-0.2684533888591394,-0.22101544526279446,-0.3478990489398688,-0.4570123899568131,0
-0.20314582178213839,-0.35282352841073555,-0.3280784103057235,-0.018529275991270376,-0.2414727905942363,-0.22662085470900897,0
-0.3020034262989117,-0.06372355185596515,-0.35408299474240496,-0.0734488533805016,-0.06669735367034614,-0.2489500125447849,0
-0.3387772452350425,-0.29878814322530345,-0.4210157334106835,-0.1472287284188551,-0.30640897608155526,-0.44393079178755124,0
0.07267080027848806,-0.10707661849856547,-0.09926284798093465,0.012949095018530043,-0.2748623226594621,-0.04441745713212416,0
1.0898211302957974,0.009832929314138041,-0.02963021975848441,0.20134367486122162,0.06222751877531665,0.7161627521976331,1
0.052962441270747285,-0.2503033646494429,-0.07345083946835598,-0.15562271818560514,0.13655803297338576,-0.06861473675771776,0
10.34044398701855,0.7198092906710463,20818.275377665235,8938.252044076327,3.3399019750381505,3.123777768727926,0
0.045867265362465645,-0.004251822994285917,0.1330848726885152,-0.1397026472546715,-0.2590197526869912,-0.11672957035224146,0
-0.08967337655556919,-0.2067252693728224,0.06663301593307863,-0.10699165461087673,-0.13890617457922,-0.12862392395388378,0
1.4682300677846654,1.8513855688504532,0.9812496074348197,4.375777701668113,3.2031570590943685,2.7697888171026155,1
-0.10379634671197206,-0.1550063329374973,0.18259370379364354,-0.4643874779200944,0.035785889859429175,-0.17762751552121336,0
-0.3268008255303231,0.25919024263815005,-0.07031046618208862,-0.36936663005403064,0.010912847573682372,-0.1391918275553464,0
-0.38491621571226603,-0.4211916462717463,-0.7712048623655807,0.636419873514019,-0.4387197416851258,0.056800042353664634,0
-0.16112225894947446,-0.147558934403001,0.37892392551147125,-0.30252815410646766,-0.05707376829855737,-0.23299393779529184,0
-0.1472822794569478,-0.09778249826803939,-0.040445818181390425,-0.28950445363838295,-0.15075642170175146,0.06617340280095474,0
-0.016728284180435763,0.01439704088370931,-0.3306874324427318,-0.2848827892659427,-0.38895932768127967,-0.2894820463554006,0
-0.3063510926611763,-0.412620472863215,-0.023617244810712097,-0.2326214335777754,-0.36349814143402387,-0.24832549489872624,0
-0.3776777156498342,-0.38648193132934944,-0.4353789092372559,0.022813037947511307,-0.371439548973097,-0.38210844317737397,0
0.00459681977647399,-0.9999759548989623,-0.9999658698535311,0.0,-0.9999389739337893,0.46775401412392303,0
-0.03886864979565745,-0.2086094927973625,-0.3002960385076332,-0.43812667968264246,-0.4259663003357867,-0.14461045071955284,0
-0.007836961400146784,0.005466460880919695,-0.0865088133241694,0.16513353076015047,-0.1289514970838771,-0.06995870081796284,0
-0.13261435690099613,-0.10782739295106124,-0.1567052740352053,-0.4083432271254794,0.08752186270709351,-0.2650710760015861,0
0.08760498623981024,-0.1375106414317817,-0.2803053169635631,-0.16346954701357477,0.01610712923106463,0.09769845263082014,0
0.04170805875599081,-0.051198593610034655,0.4157966317370542,-0.26356382518555005,-0.14306570731647544,-0.21482197706988482,0
0.1331270988271398,-0.12085704908848527,0.19626591552183364,0.08150973790762714,-0.09670446518262618,0.033271601556715706,0
-0.12194883847022724,0.13260952263735915,0.1913806285258005,0.20894153067203367,-0.25156055398248267,-0.04351706873638864,0
-0.3393072624744032,-0.3995810625572874,-0.34715219745040576,0.05573240842296404,-0.4870340173034948,-0.267515034732161,0
0.7745396054464849,0.2009050715712965,0.021379785287446926,-0.4180256183650127,0.27176815556937756,0.2602991047950637,0
1.341811816450852,0.46556651218150846,0.5755392774010158,0.19535218236698937,0.4296006929982496,1.4047833363806506,0
0.48827460087395075,0.25398732552424463,0.0,0.0,-0.20485444282598608,0.17420901278779866,0
0.5032853519418716,0.20693376996318014,-0.14574421707153784,0.30043234263844726,0.20788621394634288,0.49281666370868804,0
-0.19773276360126096,0.3543674575703529,0.20793646952549594,0.3121720230195764,0.001857081255962857,-0.04191404562386467,0
0.08910162063097338,0.06404911993669579,0.03302640892868913,-0.46300528750720454,0.20342026522056847,0.007301369192353304,0
-0.1901495213675473,-0.09275371221017159,0.17708459049369268,-0.3569996561407609,-0.07662701899778494,-0.17375034449064972,0
-0.15361844263229682,-0.3761798410126507,-0.30425760764428095,0.20883058689085768,-0.501639014357813,-0.4635219344801315,0
-0.08914122735391591,0.18717577041785416,0.3045485633856431,-0.4239045782705505,0.2504110216372816,-0.09136253814422454,0
0.2217989460189296,0.36033062156878326,-0.07474840371373195,-0.37587377344589645,0.08447415297544528,0.20368157722296445,0
-0.07054947215957913,0.41473391350348915,0.4034682993012928,-0.12127467487876417,0.1706387801762419,0.23405818187780184,0
0.7719592364086021,0.9655836731565186,0.9972206686945987,-0.0844701372490167,0.5902269268777479,0.5809207889733395,0
-0.0320373123499426,-0.13206848652404618,0.004197288617549703,-0.0413489122333522,-0.08175119006015721,-0.11671965643940815,0
-0.16850450809594825,-0.28214551075825955,-0.1869983463521653,0.4093226565062597,-0.5465395389372324,-0.22660587213902703,0
-0.0981825811075145,0.08929033612855966,0.034834695266454524,-0.17750114170550335,-0.18592768005858035,-0.2367962019044942,0
0.7285767501548274,0.11724849826694413,0.5632947811660517,0.10732126706792977,0.5179440988271502,0.466913198563718,0
0.5795407206897272,-0.12641661342034444,-0.00556692360926385,0.12216341220584913,0.13010453484135762,-0.041447302135937315,0
0.015139155840981914,-0.028548338379039435,-0.09956620680358928,-0.29313714901978866,-0.24047298726922434,-0.1432245886360146,0
0.1860351454872935,0.31973397591893643,0.988099535221388,0.8787491862830451,-0.08868669296272272,0.09564637928533415,0
-0.1995823053201145,0.4720978412334886,-0.41852729874179706,1.5294185921341201,-0.34660895447556006,-0.42619716961476406,0
0.2520782839109917,0.3373538456309664,0.05777911466995892,0.4202337645917203,0.019958060415535807,0.2330006271965797,0
-0.07840572672389476,0.20557126371435172,0.8569039048054732,0.8000765087872607,0.619295027184285,0.46379297328634816,0
0.016541486079280045,0.04986439273366819,0.30764546933210174,-0.40998879005851213,0.22745501470616758,0.000440759147520277,0
0.006875564537267793,-0.23295982473362573,-0.2519062957690724,0.30919637137265177,0.5447920025442485,-0.21803588493774143,0
0.0683801970919167,0.005394214164629067,-0.1970939599057054,-0.11238755339422181,-0.28122051682849925,-0.04894064010263817,0
-0.036160266300343816,-0.09128567142080196,-0.23961071181681198,-0.3849275549540495,-0.20047820900713928,-0.20733972875014908,0
0.19915346125762837,0.4151343856883765,0.8392576721662368,0.009488305523720215,0.17246385751177562,0.2759619472008856,1
0.034734980563476056,-0.07285712568166881,-0.11603030090616978,-0.03253762138563361,-0.0336456960147784,0.1255438321859208,0
0.24549824659772046,0.32781364311787964,0.9946509371632158,0.7239191472657155,0.3750865996806268,0.2111549992606284,0
-0.06469690391110478,0.07830536442923683,0.17530412605473777,-0.24124846889207896,-0.26269014393370577,0.13238753003568313,0
-0.3566394143924096,-0.08299811351147293,-0.29228303908562275,1.029966133587779,0.007045399869507597,-0.24173482656946257,0
-0.015359093146150474,0.24414986319761264,-0.2120885532844911,0.12097133770678103,-0.01920348927580809,0.2352487075376135,0
-0.31385537217341747,-0.3109733430542523,-0.12075140786007249,-0.4333266724386295,-0.44545384085144535,-0.23545780500349153,0
-0.09060951885249356,-0.32278924764916916,-0.4119808278799834,-0.12599054351228928,-0.4259553562122258,-0.24702449536631427,0
0.13181771506413922,-0.027982659424643768,-0.3706318982976371,0.4428852063649127,-0.13028247572226984,-0.2399258991945937,0
-0.0689203682259021,0.24078659922244336,-0.10480828318466491,-0.12068282624735899,0.037716053334637796,-0.09372520858870483,0
-0.2664687148296219,-0.10819537622295135,-0.7762537577955569,-0.34538129547691143,0.9079668501620968,-0.6375157104258659,0
1.0899793894614689,4.77942419968904,1.4865874630044174,-0.46088915018588433,12875.192650938501,1.1072951817837353,0
0.3185062459698403,5006.725362743453,0.05694721939041353,0.0,1.0036071073584083,-0.10655932801598517,0
0.15763693928154437,-0.054806227435505624,0.23579903671536198,1.0001429326377862,0.0637464906263013,0.0609681703678312,0
-0.5477752051955477,-0.39803149445376707,-0.7342386320425699,-0.25935009423655303,-0.5335135655791667,-0.6585718261741763,0
-0.3549729340473159,-0.34634557915265085,-0.5640747816014432,-0.5216236086331865,-0.4747780215645503,-0.36693802954195814,0
-0.09507361449093127,-0.029448073448670543,-0.1317825116235803,-0.13915243108641948,-0.04711476335524783,-0.026592450975276568,0
0.204049439350752,-0.4527488896016215,-0.04828523882763102,-0.3144504814466078,-0.27136419911980875,0.00507149554492671,0
-0.008172349388011544,0.7095476305439401,0.2907217318124418,-0.09655394533267367,-0.32301762367532066,0.17903023230464657,0
-0.19215970954952408,-0.08524931826007572,-0.23293911455336325,0.23262286670823365,0.1680841484363505,0.05867983911141687,0
-0.23014205019943845,-0.1679725241150827,-0.46843006778260116,-0.13819259435378592,-0.4313796628160672,-0.2603630110133062,0
-0.2290414022698001,-0.10657024340293636,-0.3536045244873203,0.06744245501793195,0.08666774007694132,-0.04951817595222009,0
0.30721652083504297,0.43932076994917807,0.415262248778215,-0.013901862432181325,0.037688654100538975,0.1006249048004748,0
0.21045059049913006,1.277073179754097,0.04533390422869037,0.3255402148441472,0.6195226142726438,0.5874890054283455,0
-0.29955059423321057,-0.41052306783759424,-0.8389122246029942,-0.6132689529851045,-0.09111283294988247,-0.6479836013308853,0
0.13672003438617372,0.21008599967233915,-0.3292870180632081,0.0024851078204289924,-0.01671896959724111,0.3008314187456981,0
0.08904609491627305,0.520967733607103,-0.2522174174915668,1.297322034494658,0.88536461453167,0.05017999267913496,0
-0.36332358707322243,-0.13885296208554693,-0.37872973683882455,0.32177718155924506,-0.5654063122196702,-0.5087364016678809,0
0.05153922555904708,0.016112230782601183,-0.05123061740211668,4.235493051414316,0.5011661089936061,0.6460404254678093,0
-0.2012758080946004,-0.24032443516234073,-0.4759640037373008,-0.22330773568003529,-0.3172350950497929,-0.1651444655410298,0
-0.08691989601646893,0.016490084789119314,0.26346861237812813,0.18503931232809814,-0.06313539057407104,-0.24023300540423848,0
-0.250064139963089,0.3188987257054967,-0.17725226359086396,-0.7367428977868073,-0.2359361578729398,-0.4718935746404601,0
-0.17612481965124135,-0.4825631704717847,-0.21111960152471543,0.12676754351426464,-0.2508361833709086,-0.32866327107131016,0
1.6321170550793342,1.5535428686794122,-0.06048379537377829,2.3819915125658135,0.7347727281766304,0.8498735493650806,0
-0.2049328719627085,-0.03833879497172196,0.08047365125548739,0.15933215493347,0.024154482315040766,-0.19730554351751478,0
0.03688759278774823,-0.054532754547305266,0.550184385172871,0.11030029480333844,-0.04008070041502673,0.053615396051875944,0
-0.18540615922729056,-0.12348288273309718,0.7040256440443077,0.010361864151125704,0.5367148230519528,0.17252181636123604,0
0.18197243832285748,-0.2206569509389579,1.316678171887086,-0.5717798937409635,0.31758840981927056,-0.24326136681380886,0
-0.15662396881637175,-0.5390170930951952,0.2223177045630212,1.7817926289622763,0.062054848872027696,0.09063838754578908,0
1.4499147683898759,5.702195430049874,1.5283367747912826,9303.07865812026,2.7951078690927873,1.5115739639041303,0
0.06477765056953469,-0.18339053238785294,0.2004773679230746,-0.0437129108354484,-0.24257634938971442,-0.29738287236391003,0
-0.03165452541723327,0.4858957758516575,0.029610665365270503,0.4211592897783555,0.2367802358987477,-0.004182214312526028,0
0.34080726131757483,-0.1200184766445527,0.29658736865434054,0.957301038148878,0.03507465633293178,0.01302489572824466,0
0.11769499631841153,0.13758725671424807,0.1291162265791576,-0.3765567147110111,0.45042243947598465,0.3388771110869881,0
-0.06785520915625518,0.16971307563650181,-0.02942964366395563,-0.2298743629388814,0.05834715458611535,0.13501553117845078,0
-0.36398857452860417,-0.34746548227267476,0.05038421477440082,-0.5553546267687355,-0.10197190563323709,-0.46766604715542315,0
-0.057181134298204817,0.20723298592478864,0.08150435792773479,0.06507048111937205,-0.02976441921082386,-0.06082513169706934,0
-0.3659165529424759,-0.43123047046224294,0.02602804872825846,-0.3648495971420446,-0.2979340061805922,-0.44363139249796635,0
-0.09673180888369044,0.4615686276378271,1.174943913009907,0.4658118427030583,0.24947771541838087,0.014496478365054015,0
0.053671795481232396,-0.13681436394080376,0.01653687217709173,-0.07707624613282212,0.04580393567721562,0.33346414341883845,0
0.39923238577251113,0.19041485583481152,0.01450962273715796,-0.08598920821584946,0.7883691436109436,0.6448053186233422,0
0.4976140611029932,-0.19167987934032826,-0.045573794302479126,0.21432430345932021,-0.4440681143471394,-0.26446554003022293,0
-0.999932294371154,-0.7133078705373324,-0.9998634933910959,0.0,-0.3638854186585195,-0.7974937740183787,0
-0.999932294371154,-0.9999398894154533,0.0,0.0,0.0,-0.9999189819893424,0
0.5308406437078899,0.7593232423874414,0.1168152881595973,1.4159550385818251,0.829343720661209,0.7824856765414865,0
-0.11409362314420715,0.022570873511611283,0.27823268972150916,-0.19907337876600995,0.3878311049608098,-0.09195981655398518,0
-0.015562781677493564,-0.5101644159112879,-0.33652532862715895,-0.5206061364597109,-0.36045898072882493,-0.11664951242436707,0
-0.304216452303633,0.02946799625454616,0.18835077517975463,-0.28826447832820945,-0.05438054119284787,-0.22995876546646543,0
0.8741323378973268,0.4623981774253112,0.32816538935498907,0.03644687052009551,0.2309634236524164,0.3136016412873068,0
0.010242129929347145,-0.40590021193147613,-0.27048700024393735,-0.4646282248317491,-0.5356671116418842,-0.4073499308706958,0
-0.6172602697575337,-0.9998797860570372,1.6842040688571973,-0.9999483067494856,-0.3638780164933022,-0.6737933684179215,0
0.41071060711403956,1.1420076663779137,0.3378150713314526,0.5390955673004917,0.2757247053231755,0.761838171781573,0
0.05803234118333326,0.5024428747657966,-0.011682282622696907,0.47283663453728186,0.14317642941060088,0.0371791670576963,0
0.1680386950552315,0.47764795531252846,-0.2361927378797176,-0.319890825162311,0.12235215931252404,0.00622804787366419,0
0.7895458914756667,0.3033589048609437,-0.25109556108911935,-0.3151202382645257,0.06477208857192708,0.3746349435612151,0
-0.23652549347823787,-0.21264521112617732,-0.14959760788119397,-0.31215972168753947,-0.46406051408888466,-0.46337263398896783,0
-0.24880592663476442,-0.619919969251139,-0.1431704708496058,-0.22848989990862417,-0.5782817275640955,-0.5712359022623738,0
-0.172726938586654,-0.18442833005140516,1.315135394859284,-0.05737121737603609,0.4884377049906057,-0.04876991640471588,0
1.4826114033134314,2.892070418630817,1.020273011657798,0.40136614964074624,1.5531781549449033,1.4962865061800283,0
1.2724757896297718,1.2694476200413685,0.18659075705238926,0.6377340416874826,0.9959232432221117,0.9011379927035136,0
0.3744354726206457,-0.07982598917722726,-0.0501254470579888,-0.28846923254360884,-0.10945808671473878,0.4840675997431165,0
0.4836024860025967,0.24331254543587566,-0.18909636013492864,3.745154327074461,0.024825952443558303,0.7927808095044763,0
0.033840246104433855,-0.0024687650100539333,-0.1717683990856129,0.219426840005113,-0.06698789711643265,0.12024940633571761,0
-0.327429687724754,0.7723416289741868,1.0519188239221842,0.38773609553793587,-0.3257166780544216,-0.020900280971319404,0
0.14808163840369176,2.9395758501825653,0.7973989880834672,-0.29860335529036774,0.3629601918793058,-0.6504828149669236,0
-0.25933564313278484,-0.39965454209188683,0.35273233534356835,-0.2680088290029652,-0.31166077181047835,0.14977659649452754,0
-0.19998553922250553,-0.18941335383145336,-0.2675632438191195,-0.25126932831139076,-0.035018128131798214,-0.10106971847886267,0
0.2629076316979542,1.898153689828033,0.2582635300232617,-0.5703997627835454,2.7368078066194648,1.1200676011032271,0
0.07849852575491573,0.0222156600437923,-0.2581756545846419,-0.5051312487671876,-0.10128913286778242,-0.01191021644905497,0
2.2811453959253782,0.49816011047693687,1.8181006097902213,1.7490071109384837,0.001857048201021421,1.3970808389373774,0
0.5279999393358346,0.2974331747790123,-0.09725429744169196,0.097469503382871,0.1338813656377725,0.12174783687929953,0
-0.019273339055531462,-0.2738991198435655,-0.23783975252251977,0.27776292085810445,-0.3877625886848483,-0.318219456871396,0
-0.1748019032137496,-0.04247108724523751,0.33094822378002575,0.4253240692302607,0.21693689072111996,0.16898124908730844,0
-0.17357232925381796,-0.022146846971117195,-0.13318498241100793,-0.2412498860667736,0.3428660675921196,0.00177712144714031,0
-0.20309457431286804,-0.032425225527433925,-0.1480822483120155,3.6865930515493535,0.09239134985279766,-0.14753303835400958,0
-0.6666201062663388,0.23474215689245473,0.02210443507713293,-0.9999052331230637,-0.4953808347350149,-0.5453942406912925,0
-0.29438067294563275,-0.4423055474152553,-0.386135054569922,-0.4353414448985789,-0.43406755365806665,-0.5162520407830169,0
-0.049275389874670394,-0.0022297485885058475,0.27959589466202084,-0.21410146311846134,-0.025071987066393527,-0.007259000354387676,0
2.8872654632942822,3.8521843209374236,0.6986169900229818,1899.3785593662199,0.9320890740754971,1.224708157269389,0
-0.3944977158347175,-0.2809705499505618,-0.4392306970530433,-0.5777588804899756,-0.5398207517246143,-0.3293096916777766,0
1.1764890604157765,1.1555549098452897,1.2109061407007526,1.944648254677881,1.0786173691306595,1.7809247589875707,0
-0.03948906700528337,1.113919095381316,0.2838828177964717,0.814976087360236,0.7501103319540486,0.5535674217516743,0
-0.10943860170398587,-0.3100917153841341,-0.3255611194802882,-0.3538662330467683,-0.29386684549002307,0.05309657021953088,0
0.5872310508863239,0.8381043577594739,0.6940510193931126,-0.3249281759488432,0.850450056584227,0.06915795532054993,0
-0.32274712545083495,-0.2977971328637511,0.1823703981738214,0.009175213114791563,-0.12207740270662044,-0.0592888947915567,0
0.3109244162397086,0.12745003852643855,0.6196801158925819,-0.2684990189978781,0.1125372419812111,0.4591111283708699,0
-0.4326899839534478,-0.337168470051099,-0.5771990660764382,-0.7339235778888616,-0.03821615894924351,-0.6138241282154937,0
0.17054863787916835,0.6040429112220239,0.13588229694854495,0.17489269369687693,0.6560432252733832,0.4671651834746779,0
0.05402473540836224,0.0758348165738107,0.366874535617972,-0.15344243426609455,-0.08739803842127025,0.07126251764097968,0
-0.008832611368384556,0.24006536378570592,0.40358941336579907,0.37275181246280403,-0.028811572186333196,0.10377077964601149,0
-0.29276620431115546,-0.6209588371876649,-0.21567031724353564,0.7673925409401804,-0.32878741974175674,-0.22303383210475677,0
0.5836083047589424,0.681933792643718,0.27021360603743305,0.5120131566152495,-0.03970549816435192,0.19378343440466478,0
0.5195396732022428,0.41775130539528993,0.21486743680755702,0.46268354899008984,-0.044787006395340875,-0.007202354685989738,0
0.37465229642440073,0.3098071654690199,0.7155616086842754,-0.003867572385793352,-0.22559737394834986,0.00764645672696984,0
-0.09742584154502965,0.8250075042078121,-0.07614175374207832,0.062088695079099435,0.3712714706223444,-0.033809979580709325,0
-0.11095285095204577,-0.12457605313158643,-0.2724808320415826,-0.4592717596341375,-0.4936228374634203,-0.32069810135978005,0
0.4740279490745403,0.30268217956897314,-0.07160637289536198,-0.07664584700899221,0.5726409029196915,0.09209811142083194,0
-0.2932688097659997,-0.42768209756411907,-0.4595994878382417,-0.3234610385854614,0.03621339917076263,-0.24464680142987436,0
-0.03658497357686893,-0.019850973356005754,0.007753341569049762,-0.2803010123619193,-0.29930953006525707,-0.19513526722595556,0
-0.2399552443703799,-0.0736038830618083,0.05927230797391063,0.6698589973385097,-0.10945808671473878,-0.17105994742787392,0
0.3749108961282575,0.25085213778106746,0.0483474538301051,-0.1797649833582191,-0.05263153044171543,0.20452360023999147,0
-0.13995465669919688,-0.244081761367231,0.6584881180383982,-0.11800823307162278,-0.3188879941107664,-0.05902337788704209,0
-0.4976830706127807,-0.6500060263783901,0.05959828161776597,-0.018097555960250783,-0.552729167992592,-0.6336878896650127,0
0.1018909216715622,0.4167873330442074,-0.5297109513471311,-0.7579977132724887,-0.02747063057740211,0.33229099273756574,0
-0.49767584993086156,-0.5986636384566959,-0.9999744021717338,0.0,12507.33000376883,0.05679507270321798,0
0.0962279270564397,-0.17049111557361013,-0.1878909456764913,-0.5027941305769213,-0.1626062303288134,0.10250930516700346,0
1.1626101189253821,0.13575269416094282,0.43801737691118575,0.09099618938382531,0.16617841538209263,0.7026003036221533,0
-0.09646899843600348,-0.05485358370148198,0.49466958748696516,-0.08355614246058349,-0.23667756034933524,-0.08056811986244729,0
3.156475338868395,0.24540388760968077,0.14546124462302834,-0.28895683912953357,0.9740135876692223,0.039868301121286774,0
-0.17804734175669268,0.4592504213946267,0.5556564485438947,9209.108166624097,-0.04584893676318378,-0.2092641501516831,0
-0.1830306910797107,-0.14530820482777881,-0.32341272972415774,-0.3400288280840388,-0.1652709383250056,-0.09760242397205803,0
0.07197793723025321,0.4599049911964312,0.4983365369066061,0.6003940262594454,0.25230908343535524,0.003967639162125995,0
-0.3857166799281617,-0.16395295608232385,-0.2634459743575797,-0.23981276926928635,-0.3541047641629714,-0.16198121668101864,0
-0.3616879742825891,0.03449552410174808,-0.30276689478444757,-0.33051117944239267,-0.28692154648936746,-0.30254236051412686,0
0.0680865471448448,0.017358432249680724,0.497331860086208,-0.16832627024689442,-0.01309548513215833,-0.13097373718259517,0
0.5844257325971844,0.15759098460813067,0.7868781078925907,0.8301214987099699,0.3041841680838341,0.816106068929378,0
0.6528825779875029,-0.15243998786078566,-0.06964718404817592,0.11028720009309849,0.041364212677514965,-0.12394809265132967,0
-0.4139478563702252,-0.15533384421180507,0.3153057815878373,-0.9997889528653463,-0.9999652284214265,-0.7050885701747905,0
0.12417948225668267,-0.010576421824173662,0.12609220618028313,-0.45244417849654767,0.009841737926346489,-0.10995048854556433,0
0.03304198176826626,-0.2659001350821519,-0.20308455467117917,-0.26837177967900416,-0.10253013983903739,-0.1715826125495655,0
-0.11783970144553736,-0.2761127406643908,-0.12056699417377206,0.37990205163349217,0.16554850647721095,-0.18894046462970393,0
0.2128756704564364,-0.24128267212547766,0.17291498277282205,-0.5228389452148242,-0.21587310397646864,0.05470794881271717,0
1.5204261640775825,3.2048300548186037,0.4478546339902985,19774.352124908586,2.430739476374893,2.952743960046706,1
1.895907400503231,2.4763705213483562,1.9432073837830408,0.4886519266455993,1.210008322067222,1.7235161810644637,0
0.6556075115904461,1.4061467779359793,0.34214200188929117,1.9142602162148648,0.8837654950583723,0.45984478072892926,0
0.09978826253294333,0.056141174336522916,0.0891275148333666,-0.21475778588771854,0.09134531983054786,0.2879280155709717,0
-0.43740306786449684,-0.37125683569368567,-0.3230291273352994,-0.7310839893360878,-0.34480089800016,-0.24360097482078277,0
-0.11437109168707849,0.2930951640719116,0.3248322112763767,0.33536731273240916,0.49544565604784213,-0.01605733932485564,0
-0.06497341169429037,-0.28462819876463097,0.2637402440087618,-0.04606726371063559,-0.12881633411746143,-0.04572413001495826,0
0.13252584806519682,0.4105266627798013,0.13232698424939138,-0.41365939940607493,1.4808702627043646,0.965309626147994,0
0.3147770466409993,0.438087639663334,0.08779477758536655,0.1299303557583958,-0.040630587241185484,0.003542160930033977,0
0.0160784507970038,-0.0858469860691399,-0.1302788311298064,0.148816701873644,-0.0021027417610936213,0.06894263276185654,0
0.3397887305903544,0.7509410605312147,0.1764144124009935,0.17194120122039544,0.20999731603162472,0.28436336609730883,0
-0.6749745104895832,-0.38032214896443084,-0.5262876590776318,-0.5379195425478404,-0.5790339495920105,-0.7755062017477392,0
0.09532358480733673,0.19247520801472384,0.015770242084717716,1.1421971980124819,0.06235061460825655,-0.0146352297175387,0
0.12563330575277623,0.09550941114898498,0.20869552888754994,-0.34924475189108645,0.2721940149005021,0.09392026583599178,0
0.01461066613344127,-0.010941119465355005,-0.15300681075169462,0.3922522794883913,0.11920393714411463,0.19413525465922163,0
0.048702718166618766,-0.011054879826466892,-0.055437181437162676,-0.5612104446085625,-0.34495990705510415,0.010499017539258216,0
-0.07368730987998622,0.13283405335173717,-0.3148300732432074,1.8736152433344573,-0.3018232889381326,-0.42215534794846715,0
0.09549279835077035,1.1566425802522916e-05,0.8759451046761129,0.44507864729792185,0.02802149616089313,0.21463083811010536,0
0.11747005044917588,0.2653376495892165,-0.18894822512170717,0.4635413649773453,0.3273906735153421,-0.006084128303272261,0
-0.1098356217867982,-0.48733358052525244,-0.02356540355210827,-0.6097368284917581,-0.08988461154994015,-0.45803471623056025,0
0.07108192017684035,0.11651894057316033,0.12152828374054703,0.33437200686055607,0.2226298067909886,0.3210718526999425,1
-0.11305790455973559,0.03715400470458514,0.4823299122466902,-0.26378142823466166,-0.03473111370844536,-0.04954584704485186,0
2.355650788285222,1.138693382961236,6.47553570365455,10853.591767806969,0.5117412055269636,1.1582640507747826,0
0.28793583981099224,0.21264903271006239,-0.052040682381812926,0.3559457594560789,0.06533653966780409,0.42999342837494625,0
-0.21194574885018513,-0.39181515035627545,-0.3442343590354062,-0.387742396237309,-0.43982424510739493,-0.6049212644250616,0
0.2495223472476823,0.35936853038666067,0.7467556503269247,1.2052604611988726,0.22373438168795406,0.1902594830067367,0
-0.48836898024594655,-0.7372205892689149,-0.8322158578754499,-0.9999526143162352,-0.36388911985406297,-0.5878536601470968,0
-0.8674849064789091,-0.8279842615374541,0.2942101873341761,-0.9999612295610717,-0.7273636148150675,-0.8322230918304456,0
-0.10916394747562654,1.349999489806507,0.5538683421846607,0.026279596916937126,0.6129238547874307,0.3102113045550284,0
0.06462265675625851,-0.058169170744362064,0.19940419274578786,-0.1150837880821855,0.5602825735481695,0.24957242905805674,0
0.4285395028068649,3.0934833537030033,-0.06643929075692341,0.3112948085075612,0.5573793648248357,0.6719428878589239,0
0.22085796513303305,1.1989073844531637,-0.6085004614899571,4.344727764631667,0.5254427939725927,0.15044038345757485,0
0.15961494941195714,0.42958424429563724,0.33398354418665266,0.17530293102678393,0.4510048286988891,0.45770842010709095,1
-0.04198407921863429,-0.3586940995915462,-0.2667542872044706,-0.2621792715935843,-0.1877282266233263,-0.12449869718362783,0
0.22648344585744126,0.7860341143983276,-0.2149099687666943,0.14818621867273582,0.02230248243220817,0.29478404633105176,0
0.9312727978499432,0.6628157023946715,0.8008106443181495,0.9939947089145181,0.5853206430717327,0.5966029075418425,0
0.5763916673225019,0.9105101768572669,-0.21482788283574225,0.7673032948835792,0.22448750219859698,0.47684716617352607,0
-0.836642399042469,0.22266857206394988,0.4020518694206754,-0.9999327998164702,1.3254769022652955,-0.11370428801902695,0
-0.26647353922930217,0.46501722955119257,-0.9999538244757105,-0.9999150781962234,0.5674983999098187,-0.24717266822414516,0
-0.0016392184999830081,0.05605192934365859,-0.10501399742829558,1.3147435237235703,0.25658925713487024,0.07429017543446119,0
1.9221822254696184,6.132918013674022,1.3007434121443429,3.488279358478356,2.0530784469998036,7.078918511327086,0
0.032974991244113086,0.0825522952583777,0.3295776968859735,-0.39214066710934636,0.06498165095929788,-0.29051681025836296,0
-0.12429301480720165,0.30383342779649675,0.09075323177232393,-0.27417639506689295,-0.0378987176014875,0.060342088731055454,0
1.245575076275385,2.009390421509589,10.878627367544025,0.9315187727625979,0.23176505356068233,2.254180998351876,0
-0.6056201544159311,-0.3704972399645596,-0.7123666014523655,-0.25186986244198706,-0.5174328377617975,-0.41804013137945584,0
0.1369571268453065,0.36871027798185085,-0.33124686711400003,0.03225430963180438,0.2418994789709656,-0.07285331824495488,0
-0.5528189915733625,-0.48241429939147756,0.05478118991621371,0.6766614468333627,-0.16390443227352244,-0.5281305205283171,0
-0.08096370607910992,-0.25029593187331417,-0.07888725068817751,-0.22262726124124374,-0.031999053626286994,-0.11100735258957697,0
0.3225167441017471,0.3142454993186738,0.11257464630923494,-0.014393265614806382,-0.05751120959534455,-0.06277280229794142,0
-0.39244699634709773,0.03364101711754702,-0.22214681036950118,0.5173701177991084,0.290251747453188,-0.24382767116747092,0
0.44728066245384285,0.382687768191763,1.0930153424486178,-0.01082493496392164,0.6686685821647318,0.5749691607404666,1
-0.5543504794301625,-0.5886571051450264,-0.5453053919297335,-0.7817862450401033,-0.5698963724919042,-0.5727013574348109,0
-0.0912703456175312,-0.06389851688967388,-0.13408837315623637,-0.3309224346659049,-0.31859790457244075,-0.07863608600599137,0
1.4732045798010123,1.2367448039450273,1.4483277141097008,0.37128898490762363,0.5429314466008833,0.7751661146507746,0
-0.08546633869635771,-0.27035704760327395,-0.38907593802498625,1.8801249451232216,0.04956359078334035,-0.0931480866882134,0
-0.11575650901371294,-0.18655940042028568,-0.3063587348337061,0.18405168252594672,-0.22527560557104642,-0.21950488936656737,0
1.2890344516047674,1.1123656391379078,0.2824264295843044,0.27698792956646273,1.924766563863165,1.3572391242455326,0
-0.030923577086894305,0.3751712180484142,0.48593784043193766,-0.37875379704413714,0.17374640827621088,-0.20485686287992627,0
0.7889487950684597,0.6259690225066419,1.5944450441391296,2.484480076272548,0.9351227170097826,0.7258541422653191,0
0.03751466592585434,-0.0040018851321582585,-0.01193946272760072,-0.26116861153820864,-0.010795196328010298,0.07867316853430832,0
-0.4598710807583515,-0.4774196602515761,0.04855901625244045,-0.1817137108847268,-0.7349023629501882,-0.24726793997123017,0
-0.2809737041514397,-0.34281573747752486,-0.1556768244284329,-0.2378582391757849,-0.04121450842261183,0.16191520751127036,0
-0.10635006864432085,-0.09418929668127686,-0.34865193074341466,0.21446905823255286,-0.13741456161735638,0.1124567783310861,0
0.19584745180642768,0.5016289376691044,-0.38857107300097865,0.5206934069423711,0.2684741618590766,0.23292376148765817,0
0.0571307550855917,0.4594283535129864,-0.12519737139196382,0.4656451807199527,0.2337839562603841,0.17661316102658672,0
0.039098127851356815,-0.012182344350339764,-0.7986351845224483,0.7954413697338598,-0.5229012335047483,-0.5512307463978203,0
0.006361927177097747,-0.1873512041293507,-0.2876180073192144,0.28004067250308723,-0.31223892218514415,-0.4373842456170171,0
0.04950011264373377,0.05105163952222061,-0.12378984234005569,0.23593885584927063,0.10702311899961221,-0.10684773429295602,0
-0.415899012318727,-0.15392251676800647,-0.33999556464722214,-0.37555144684999603,-0.13369839842362866,-0.42590496339903544,0
0.7517077684293084,3.2690957475800126,1.7150692120736326,-0.05195685287168096,1.210876844553197,0.9994373600102662,0
-0.4598993625218631,-0.3742509999132656,-0.782316908507266,-0.6815243933500094,-0.2650347490467488,-0.3970025632119836,0
0.23947101633249662,-0.06078550501582068,-0.41279875302197916,0.550345726417072,-0.03241114848779051,-0.12286498704565522,0
0.5988294623754492,1.5483366729909183,0.6560180778469804,0.7959075042209921,0.5968655539631036,0.5608097683625797,1
0.0864406610923069,0.014112209262038817,-0.0010584843037558598,-0.26020296132392806,-0.07063134467266319,-0.22405723552858267,0
-0.23421262554597536,-0.2717605863129116,-0.04708667242116085,-0.20603477498337755,0.001420769886975698,-0.2029913077489925,0
0.148942031024065,0.1614960479072803,0.22681333034112447,-0.293010633239882,0.20863953174300157,0.5162913449481152,1
0.04750856607053114,-0.26875186957402275,-0.10481870417566443,-0.49417695018772356,-0.024888160684913733,0.06786534462337933,0
-0.4976884862617237,-0.9999098368330605,-0.9998976165493176,-0.9999741527066774,-0.9999542297520474,-0.8723390867070491,0
-0.4443235471281649,-0.6953644181161074,0.45357994235187604,-0.4015131993480569,-0.5804982902940339,-0.45113004309592053,0
0.23481418506093693,0.07004191567740209,-0.05728859896309337,0.041263969980500935,-0.31864564553901453,-0.08971356909529464,0
