id,name,mvpLabel,mipLabel,dpoyLabel,reb,ast,stl,blk,tov,pts
f4a5096f-47ed-43e9-83ab-5939b2e8ee65,Alex Abrines,0,0,0,1.5483870967741935,0.6451612903225806,0.5483870967741935,0.1935483870967742,0.45161290322580644,5.32258064516129
41020a35-93c3-4a98-95a3-c0db4648773c,Quincy Acy,0,0,0,2.5,0.8,0.1,0.4,0.4,1.7
5123f96d-0ae0-4c73-b54c-0374fc4823f2,Jaylen Adams,0,0,0,1.7647058823529411,1.911764705882353,0.4117647058823529,0.14705882352941177,0.8235294117647058,3.176470588235294
0a244efd-392c-4b51-ab21-18c9bbb05ff3,Steven Adams,0,0,0,9.5,1.55,1.4625,0.95,1.6875,13.85
663f5344-49cd-4e06-bf78-32c492535564,Bam Adebayo,0,0,0,7.280487804878049,2.2439024390243905,0.8658536585365854,0.7926829268292683,1.475609756097561,8.890243902439025
f0e7a505-44c2-483d-80c6-79c6d1fb8ea1,Deng Adel,0,0,0,1.0,0.2631578947368421,0.05263157894736842,0.21052631578947367,0.3157894736842105,1.6842105263157894
0ee37328-3a59-4d39-b816-4cf22593e2a4,DeVaughn Akoon-Purcell,0,0,0,0.5714285714285714,0.8571428571428571,0.2857142857142857,0.0,0.2857142857142857,1.0
079483f1-947b-4d98-a2f4-7009c2f6b5b1,LaMarcus Aldridge,0,0,0,9.185185185185185,2.3950617283950617,0.5308641975308642,1.3209876543209877,1.7777777777777777,21.320987654320987
3ffddcf0-2d35-4a57-9dea-aee3c2b9cdbb,Rawle Alkins,0,0,0,2.6,1.3,0.1,0.0,0.8,3.7
cc89a303-355f-46c1-a096-fc32e364b882,Grayson Allen,0,0,0,0.6052631578947368,0.6578947368421053,0.15789473684210525,0.15789473684210525,0.868421052631579,5.552631578947368
644210bf-7678-4c0e-b80c-65233c7e4d12,Jarrett Allen,0,0,1,8.4,1.375,0.5375,1.5,1.2875,10.9125
008c6a9f-706f-4450-9301-3774488f620c,Kadeem Allen,0,0,0,2.6842105263157894,4.0,0.8421052631578947,0.21052631578947367,1.368421052631579,9.947368421052632
10d39cf4-3f1f-40d2-8331-a5ec2e7c4249,Al-Farouq Aminu,0,0,0,7.530864197530864,1.2839506172839505,0.8395061728395061,0.4074074074074074,0.8888888888888888,9.382716049382717
10c624ff-a83d-40e3-ab6e-b1cefa60cbeb,Justin Anderson,0,0,0,1.75,0.4791666666666667,0.4583333333333333,0.2708333333333333,0.4791666666666667,3.7083333333333335
19fe5738-080a-4a5f-9cf9-1330bec11b03,Kyle Anderson,0,0,0,5.837209302325581,2.9767441860465116,1.255813953488372,0.8604651162790697,1.3488372093023255,8.046511627906977
3c5e82ad-14da-4470-86b4-92c6d497af48,Ryan Anderson,0,0,0,2.16,0.76,0.16,0.04,0.56,2.52
e835a7e6-bf96-4795-8d67-a21de6a27903,Ike Anigbogu,0,0,0,1.0,0.3333333333333333,0.0,0.3333333333333333,0.3333333333333333,0.0
196aaaba-9008-4f2c-a6b2-0d680e7a258b,Giannis Antetokounmpo,1,1,1,12.472222222222221,5.888888888888889,1.2777777777777777,1.5277777777777777,3.7222222222222223,27.694444444444443
0362bed7-a96b-4491-9c59-e513dd228b27,Kostas Antetokounmpo,0,0,0,0.5,0.0,1.0,0.0,0.5,1.0
15916267-a6be-4140-8c27-58559c257a1d,Carmelo Anthony,0,0,0,5.4,0.5,0.4,0.7,0.8,13.4
80a0e521-3285-4c2f-bc5a-9fdb2c617431,OG Anunoby,0,0,0,2.9402985074626864,0.7014925373134329,0.6865671641791045,0.3283582089552239,0.8208955223880597,7.0
f4d77232-79da-4c10-867c-cedc391c88bb,Ryan Arcidiacono,0,0,0,2.7037037037037037,3.3209876543209877,0.8024691358024691,0.04938271604938271,0.7777777777777778,6.716049382716049
0be36d01-e5fd-4c85-92c7-af46d7d90e76,Trevor Ariza,0,0,0,5.3768115942028984,3.652173913043478,1.318840579710145,0.30434782608695654,1.536231884057971,12.507246376811594
148e093a-4297-4df5-9937-87c839d86ce8,D.J. Augustin,0,0,0,2.506172839506173,5.2592592592592595,0.6419753086419753,0.04938271604938271,1.5802469135802468,11.703703703703704
772e9289-3385-4961-8657-0635f1c9b84b,Deandre Ayton,0,0,0,10.267605633802816,1.7605633802816902,0.8591549295774648,0.9436619718309859,1.7746478873239437,16.323943661971832
4a8a1a0f-2a5e-4ebd-9747-06fb5aac5b1e,Dwayne Bacon,0,0,0,2.0697674418604652,1.0930232558139534,0.27906976744186046,0.11627906976744186,0.4186046511627907,7.348837209302325
64ee8ef7-c605-42a3-91ac-dbbb5a976a3d,Marvin Bagley,0,0,0,7.596774193548387,1.0,0.532258064516129,0.9516129032258065,1.5806451612903225,14.887096774193548
ee6303d2-881a-4ab4-a846-f95bf42babb2,Ron Baker,0,0,0,0.7333333333333333,1.0,0.4,0.06666666666666667,0.3333333333333333,0.9333333333333333
69d3c5e7-53b8-4b33-a420-8627c126eed1,Wade Baldwin,0,0,0,0.9375,0.75,0.0625,0.125,0.875,1.875
11acd143-1aed-4904-b82c-7f15d2cee411,Lonzo Ball,0,0,0,5.340425531914893,5.425531914893617,1.4680851063829787,0.40425531914893614,2.1914893617021276,9.893617021276595
54a689b7-b048-4a78-a787-bbe539f2f7c8,Mohamed Bamba,0,0,0,4.957446808510638,0.8297872340425532,0.2765957446808511,1.3617021276595744,0.9148936170212766,6.212765957446808
69337c23-3af9-405e-a8e3-ad904a29ad85,J.J. Barea,0,0,0,2.5,5.552631578947368,0.5789473684210527,0.02631578947368421,1.894736842105263,10.921052631578947
20d01dcd-a905-4432-9c31-df68124050bf,Harrison Barnes,0,0,0,4.688311688311688,1.4935064935064934,0.6493506493506493,0.16883116883116883,1.2727272727272727,16.428571428571427
bca416ad-9b4f-48a3-84a9-e621885da4b4,Will Barton,0,0,0,4.627906976744186,2.883720930232558,0.4186046511627907,0.5116279069767442,1.5116279069767442,11.488372093023257
9b96dfef-53f0-4a28-96bb-0ee6352765e6,Keita Bates-Diop,0,0,0,2.7666666666666666,0.5666666666666667,0.6,0.4666666666666667,0.4666666666666667,5.033333333333333
f099df46-9ea9-4922-85d7-abdf09bca773,Nicolas Batum,0,0,0,5.2,3.2933333333333334,0.9466666666666667,0.5733333333333334,1.56,9.32
9492e9bb-b728-4668-8e51-100fad402ac8,Jerryd Bayless,0,0,0,1.8235294117647058,3.5,0.5294117647058824,0.058823529411764705,0.9411764705882353,6.147058823529412
22fb3e4b-3272-45c0-87a5-cc5d85911024,Aron Baynes,0,0,0,4.705882352941177,1.1176470588235294,0.23529411764705882,0.6666666666666666,0.7843137254901961,5.568627450980392
e79c9b10-de7d-4aac-8bb2-f192271f6df8,Kent Bazemore,0,0,0,3.8955223880597014,2.2686567164179103,1.328358208955224,0.6268656716417911,1.8059701492537314,11.626865671641792
5d958ac5-3ba5-4fed-9ee2-9f46700663ed,Bradley Beal,0,0,0,5.012195121951219,5.463414634146342,1.475609756097561,0.7073170731707317,2.731707317073171,25.597560975609756
c6a01a13-3d4a-4860-b179-96f237e33b02,Malik Beasley,0,1,0,2.4691358024691357,1.1975308641975309,0.6790123456790124,0.12345679012345678,0.6790123456790124,11.320987654320987
ae23cd71-f23b-4e7e-887f-a58db6d7f37b,Michael Beasley,0,0,0,2.3076923076923075,0.9615384615384616,0.34615384615384615,0.38461538461538464,1.0384615384615385,6.961538461538462
6cf50e14-b99d-4cf1-a875-f2dccee8e7b3,Marco Belinelli,0,0,0,2.5063291139240507,1.6708860759493671,0.4430379746835443,0.10126582278481013,0.9113924050632911,10.49367088607595
90fc2e5e-ebf0-457f-947a-8ed8a3f9c416,Jordan Bell,0,0,0,2.7058823529411766,1.1176470588235294,0.29411764705882354,0.75,0.6176470588235294,3.2794117647058822
f312b654-50b3-4109-ada9-5a94b0e0dcc8,DeAndre' Bembry,0,0,0,4.365853658536586,2.4634146341463414,1.2804878048780488,0.5,1.7317073170731707,8.378048780487806
e849b81c-6b87-46f7-a852-466e11f41b36,Dragan Bender,0,0,0,3.9782608695652173,1.2173913043478262,0.391304347826087,0.4782608695652174,0.8043478260869565,5.0
bb2dfa51-47f9-44cf-ac9e-0cc1826387ce,Dairis Bertans,0,0,0,0.75,0.8333333333333334,0.08333333333333333,0.0,0.16666666666666666,2.8333333333333335
2da3287b-ca1a-4c52-bba4-50c0cd98acad,Davis Bertans,0,0,0,3.473684210526316,1.3157894736842106,0.4605263157894737,0.4342105263157895,0.5657894736842105,7.973684210526316
2ea837b7-d04c-4bd9-88a6-513ec13c3c1f,Patrick Beverley,0,0,1,4.9743589743589745,3.8461538461538463,0.8589743589743589,0.5512820512820513,1.0897435897435896,7.641025641025641
335a83e3-ceb6-4160-86d2-e56dd4226fbf,Khem Birch,0,0,0,3.8,0.76,0.36,0.58,0.4,4.8
26fe7ee0-3a64-47a5-a032-79b488d5a2d1,Bismack Biyombo,0,0,0,4.574074074074074,0.6111111111111112,0.2037037037037037,0.7592592592592593,0.6296296296296297,4.37037037037037
5e317ee5-4017-4c02-a506-d80715113d13,Nemanja Bjelica,0,0,0,5.766233766233766,1.9090909090909092,0.7012987012987013,0.7272727272727273,1.0649350649350648,9.623376623376624
87b6f769-8cf4-4e69-a47e-09108d55aad3,Antonio Blakeney,0,0,0,1.8596491228070176,0.7368421052631579,0.21052631578947367,0.15789473684210525,0.6140350877192983,7.333333333333333
4dd269b9-a39a-4762-baae-8cc27ca9fa35,Eric Bledsoe,0,0,0,4.641025641025641,5.512820512820513,1.4871794871794872,0.3717948717948718,2.1153846153846154,15.91025641025641
0c13f400-b87a-456c-9cf2-9c266a5b7237,Jaron Blossomgame,0,0,0,3.6296296296296298,0.48148148148148145,0.25925925925925924,0.2962962962962963,0.4074074074074074,4.222222222222222
a3426159-47ca-4bae-b39a-1f3420fa8f37,Bogdan Bogdanovic,0,0,0,3.4714285714285715,3.8142857142857145,1.0285714285714285,0.21428571428571427,1.6714285714285715,14.142857142857142
1867a8b0-3ad7-4930-9671-4bbd6dda4cf8,Bojan Bogdanovic,0,1,0,4.111111111111111,1.9876543209876543,0.8518518518518519,0.012345679012345678,1.654320987654321,17.950617283950617
32aef796-026e-459f-b29c-01351a39ecaf,Andrew Bogut,0,0,0,5.0,1.0,0.2727272727272727,0.7272727272727273,0.7272727272727273,3.5454545454545454
2f3f5664-5337-482a-a57e-ff8edf28e0a0,Jonah Bolden,0,0,0,3.75,0.9090909090909091,0.38636363636363635,0.8863636363636364,0.8181818181818182,4.704545454545454
37273a40-f389-42f2-80ef-849bb8909cfb,Isaac Bonga,0,0,0,1.1363636363636365,0.6818181818181818,0.4090909090909091,0.18181818181818182,0.2727272727272727,0.8636363636363636
bf1bba6f-c884-41fe-a094-c86f86f0760f,Devin Booker,0,0,0,4.140625,6.765625,0.875,0.203125,4.125,26.5625
18b33344-d985-4aea-b844-5ce822c742ef,Chris Boucher,0,0,0,2.0,0.07142857142857142,0.21428571428571427,0.8571428571428571,0.25,3.3214285714285716
bd5486db-6d16-4467-82e4-5341a5628e9d,Avery Bradley,0,0,0,2.7777777777777777,2.4126984126984126,0.6507936507936508,0.25396825396825395,1.4126984126984128,9.920634920634921
d7c4b1ab-d49e-4805-b9ef-210547f81919,Tony Bradley,0,0,0,5.0,0.3333333333333333,0.6666666666666666,0.6666666666666666,1.0,5.666666666666667
ca3d418f-999a-4b5d-ac57-46fd746fc01e,Corey Brewer,0,0,0,2.4516129032258065,1.2580645161290323,1.032258064516129,0.22580645161290322,0.6129032258064516,4.870967741935484
11ef6fcd-eae6-4589-86c4-2635716827dc,Mikal Bridges,0,0,0,3.2195121951219514,2.1097560975609757,1.5731707317073171,0.4634146341463415,0.8536585365853658,8.341463414634147
9efdbbd5-f73d-4746-8cb6-af719153dac7,Miles Bridges,0,0,0,4.0375,1.1875,0.6875,0.6125,0.625,7.4625
73de2f2d-8402-44fa-b0ff-04c4d55479b8,Isaiah Briscoe,0,0,0,1.8974358974358974,2.230769230769231,0.28205128205128205,0.05128205128205128,0.7948717948717948,3.4871794871794872
07babd47-b06d-4c61-afc1-2a3d3d469474,Ryan Broekhoff,0,0,0,1.5,0.5238095238095238,0.14285714285714285,0.09523809523809523,0.38095238095238093,3.9761904761904763
513f50fb-c380-47de-a586-95fa1bab4307,Malcolm Brogdon,0,0,0,4.5,3.203125,0.71875,0.203125,1.421875,15.640625
02960594-9b8e-4523-985b-b17342b2ecd0,Dillon Brooks,0,0,0,1.7222222222222223,0.8888888888888888,0.5555555555555556,0.2222222222222222,1.0555555555555556,7.5
dcfb3e84-5dad-4a18-82a1-77fb2b8c518c,MarShon Brooks,0,0,0,1.5517241379310345,0.8620689655172413,0.3103448275862069,0.13793103448275862,0.7241379310344828,6.551724137931035
11b4abdb-d8de-4513-baf6-2e4ea079f2f9,Bruce Brown,0,0,0,2.5,1.2297297297297298,0.5405405405405406,0.4864864864864865,0.6216216216216216,4.3108108108108105
3bb2c4e6-6f74-4dc2-9532-0d00f7af97f3,Jaylen Brown,0,0,0,4.22972972972973,1.3513513513513513,0.9324324324324325,0.43243243243243246,1.337837837837838,13.027027027027026
996707a0-d8b9-4d0b-871a-15e6d670d878,Lorenzo Brown,0,0,0,1.1923076923076923,1.0769230769230769,0.46153846153846156,0.19230769230769232,0.6153846153846154,2.1153846153846154
26714ed7-1fb3-4950-a325-8fef17866ffc,Sterling Brown,0,0,0,3.1724137931034484,1.4482758620689655,0.43103448275862066,0.13793103448275862,0.7931034482758621,6.413793103448276
8170c04e-9aa0-4640-a3ca-7945723f332a,Troy Brown,0,0,0,2.7884615384615383,1.5384615384615385,0.40384615384615385,0.09615384615384616,0.5769230769230769,4.769230769230769
641c26c1-6f11-4dd4-938f-5b8a836a00e3,Jalen Brunson,0,0,0,2.315068493150685,3.1506849315068495,0.5068493150684932,0.0547945205479452,1.2054794520547945,9.287671232876713
974afd0f-cc0b-4406-9f07-0cf12280e7b7,Thomas Bryant,0,1,0,6.305555555555555,1.2777777777777777,0.3472222222222222,0.9305555555555556,0.8333333333333334,10.527777777777779
c105b32f-ee3e-4459-9e9a-0a93a9531908,Reggie Bullock,0,0,0,2.746031746031746,2.0476190476190474,0.6349206349206349,0.19047619047619047,1.0317460317460319,11.285714285714286
d3af885f-082a-4f63-9d1f-e978c7e006d8,Trey Burke,0,0,0,1.706896551724138,2.7413793103448274,0.5689655172413793,0.1206896551724138,0.8448275862068966,10.879310344827585
72596c1a-e1ab-4ad1-978f-c728e640f253,Alec Burks,0,0,0,3.671875,2.0,0.609375,0.328125,1.015625,8.765625
3a4cbe04-0bf3-46cd-8c02-d73589356c4c,Deonte Burton,0,0,0,0.875,0.28125,0.1875,0.25,0.28125,2.5625
0a694ba7-b2b0-4fb6-a1f8-d47afe7d673f,Jimmy Butler,0,0,0,5.2615384615384615,4.046153846153846,1.8923076923076922,0.6,1.4615384615384615,18.692307692307693
5cf9018e-e495-47fb-adc4-bdc4446a2210,Bruno Caboclo,0,0,0,4.647058823529412,1.4705882352941178,0.4117647058823529,0.9705882352941176,1.1176470588235294,8.294117647058824
cbf29150-19c6-4000-82da-f4bf4ed8984b,Jose Calderon,0,0,0,1.2244897959183674,2.3469387755102042,0.32653061224489793,0.061224489795918366,0.7142857142857143,2.306122448979592
1a5d3b66-eeaa-4d0b-8109-338bdfd74d79,Kentavious Caldwell-Pope,0,0,0,2.902439024390244,1.3414634146341464,0.8902439024390244,0.15853658536585366,0.7926829268292683,11.439024390243903
a3061e50-10ad-4476-93f7-b9da24c41a88,Isaiah Canaan,0,0,0,1.9333333333333333,2.8,0.4666666666666667,0.06666666666666667,1.1666666666666667,6.033333333333333
a7b01390-076f-4ba8-8093-900e5d345f38,Clint Capela,0,0,0,12.656716417910447,1.4328358208955223,0.6567164179104478,1.5223880597014925,1.4029850746268657,16.62686567164179
3cf3f5fc-5c89-47f6-8821-f18d96dfc0d5,DeMarre Carroll,0,0,0,5.208955223880597,1.2686567164179106,0.4626865671641791,0.14925373134328357,1.0895522388059702,11.104477611940299
5f2bfdc2-2e83-474a-8a3c-ee1120133ab3,Jevon Carter,0,0,0,1.6923076923076923,1.7692307692307692,0.6666666666666666,0.28205128205128205,0.8461538461538461,4.410256410256411
5edafab0-99ba-49f6-bd91-4e908d6873c0,Vince Carter,0,0,0,2.5526315789473686,1.144736842105263,0.5789473684210527,0.35526315789473684,0.631578947368421,7.394736842105263
15800af3-36e6-4f67-961c-15cb794ee574,Wendell Carter,0,0,0,6.9772727272727275,1.7727272727272727,0.5909090909090909,1.3181818181818181,1.4772727272727273,10.340909090909092
5a4fe6f6-979b-4922-9f61-f03a59ba5dc7,Michael Carter-Williams,0,0,0,2.5,2.5,0.7142857142857143,0.5357142857142857,0.7142857142857143,4.785714285714286
59a6a847-6cd0-43f8-bd83-b299be69a5a0,Alex Caruso,0,0,0,2.68,3.08,0.96,0.36,1.68,9.16
2b1cbe6b-1ea9-4663-b01a-d4797bb13900,Omri Casspi,0,0,0,3.1944444444444446,0.7222222222222222,0.5555555555555556,0.25,0.6388888888888888,6.277777777777778
16c7046d-47ba-4989-b87a-0e2f5f6a26a8,Willie Cauley-Stein,0,0,0,8.37037037037037,2.3950617283950617,1.1851851851851851,0.6296296296296297,1.037037037037037,11.91358024691358
178022c9-d7cd-4652-a7c0-2a8e0aeddced,Troy Caupain,0,0,0,0.75,1.0,0.25,0.0,0.0,2.5
fdf8c331-8fb5-45f6-aa27-24385612f0ea,Tyler Cavanaugh,0,0,0,0.7272727272727273,0.09090909090909091,0.0,0.0,0.09090909090909091,0.8181818181818182
c56a45d6-3abf-45be-9fff-87d7f472992d,Tyson Chandler,0,0,0,5.581818181818182,0.6727272727272727,0.38181818181818183,0.41818181818181815,0.7636363636363637,3.1454545454545455
5035bf7c-a0a8-417d-95c2-f22296f82bc7,Wilson Chandler,0,0,0,4.215686274509804,1.607843137254902,0.49019607843137253,0.4117647058823529,0.9019607843137255,5.980392156862745
2abc28c7-b64c-4452-b516-5cb4a8752aca,Joe Chealey,0,0,0,0.0,1.0,0.0,0.0,0.0,2.0
affccbae-f134-4ce1-8118-35167f695162,Chris Chiozza,0,0,0,0.5714285714285714,0.5714285714285714,0.14285714285714285,0.14285714285714285,0.14285714285714285,0.8571428571428571
179b9d8d-be6d-4f2b-9a7d-57f214a83915,Marquese Chriss,0,0,0,3.302325581395349,0.5116279069767442,0.3953488372093023,0.2558139534883721,0.8372093023255814,4.232558139534884
2f645ba1-af15-445e-b76b-fbaf98c1088f,Gary Clark,0,0,0,2.2745098039215685,0.35294117647058826,0.39215686274509803,0.5098039215686274,0.13725490196078433,2.9019607843137254
5fa422ba-5abd-4c9b-9e06-20a3ad20a1e6,Ian Clark,0,0,0,1.4833333333333334,1.5666666666666667,0.36666666666666664,0.13333333333333333,0.9666666666666667,6.683333333333334
d9161f31-94a5-4cb9-b14c-346ee1dbeb78,Jordan Clarkson,0,0,0,3.3333333333333335,2.419753086419753,0.7037037037037037,0.16049382716049382,1.6666666666666667,16.839506172839506
c4df8366-f0e3-41cc-b7fd-2ded373a220b,John Collins,0,1,0,9.754098360655737,1.9836065573770492,0.36065573770491804,0.639344262295082,1.9672131147540983,19.475409836065573
05c2cf5f-426a-43b6-98aa-a0383b436c31,Zach Collins,0,0,0,4.207792207792208,0.922077922077922,0.3246753246753247,0.8571428571428571,1.0,6.64935064935065
6401fa25-6e20-4826-9fe0-2354165b7188,Darren Collison,0,0,0,3.0526315789473686,6.0394736842105265,1.4473684210526316,0.11842105263157894,1.644736842105263,11.223684210526315
501176bc-810b-4edd-a4ee-710f5b000324,Bonzie Colson,0,0,0,3.75,0.375,0.625,0.125,0.375,4.875
8b8711b6-929c-4fe2-9aeb-35d4979527e7,Mike Conley,0,0,0,3.414285714285714,6.414285714285715,1.3428571428571427,0.3142857142857143,1.8571428571428572,21.114285714285714
bf53ad94-f87d-4398-81a5-26b40ff5b3cb,Pat Connaughton,0,0,0,4.229508196721311,2.0,0.5409836065573771,0.4098360655737705,0.5409836065573771,6.901639344262295
f295fbb4-a841-4b7d-ab6f-1fe4b17fa68f,Quinn Cook,0,0,0,2.1216216216216215,1.5675675675675675,0.2702702702702703,0.04054054054054054,0.6756756756756757,6.878378378378378
a5ea1e17-ebe2-4a34-a36d-73cd581d5c09,DeMarcus Cousins,0,0,0,8.233333333333333,3.566666666666667,1.3333333333333333,1.4666666666666666,2.4,16.266666666666666
162bafca-6a4f-4954-9900-743052c4d57c,Robert Covington,0,0,0,5.514285714285714,1.3142857142857143,2.1142857142857143,1.3428571428571427,1.3428571428571427,13.285714285714286
019020e0-b2fe-4033-a1e5-630af25d448f,Allen Crabbe,0,0,0,3.441860465116279,1.069767441860465,0.5348837209302325,0.3023255813953488,1.069767441860465,9.604651162790697
6731bac8-7f8d-4129-8d40-c062b3eb4d28,Torrey Craig,0,0,0,3.506666666666667,0.96,0.49333333333333335,0.6133333333333333,0.5866666666666667,5.733333333333333
9a711361-42c3-497d-8fa7-6bd5ffac11ed,Jamal Crawford,0,0,0,1.328125,3.578125,0.515625,0.1875,1.546875,7.9375
5522b907-856c-4d08-9a02-8e1edbcd1461,Mitch Creek,0,0,0,2.4,1.2,0.4,0.0,0.2,4.2
f89b9aa0-584d-4824-abb0-06c229c03ac9,Jae Crowder,0,0,0,4.8,1.6625,0.8,0.3875,1.0625,11.8875
0bdf5b2c-6470-4665-ab7a-3e9a9002b871,Dante Cunningham,0,0,0,2.9375,0.78125,0.421875,0.203125,0.34375,3.03125
ea75cafe-2be8-4d88-afd9-06fb99ca07b7,Seth Curry,0,0,0,1.6216216216216217,0.8918918918918919,0.4864864864864865,0.16216216216216217,0.8243243243243243,7.851351351351352
09caeb83-8c0c-4e63-ad59-5c0ae3599a71,Stephen Curry,1,0,0,5.3478260869565215,5.231884057971015,1.3333333333333333,0.36231884057971014,2.782608695652174,27.26086956521739
5d4e2b42-5782-42c2-b566-c702424b7476,Troy Daniels,0,0,0,1.4313725490196079,0.5098039215686274,0.5098039215686274,0.09803921568627451,0.5294117647058824,6.235294117647059
e646d1ae-7716-476e-b82a-3751727e16d6,Anthony Davis,0,0,0,12.0,3.892857142857143,1.5714285714285714,2.4107142857142856,2.0,25.928571428571427
1f474114-8afb-48b7-b64f-be1661cbf5de,Deyonta Davis,0,0,0,4.0,0.5555555555555556,0.3333333333333333,0.5555555555555556,0.3333333333333333,4.0
23812eec-fe69-4261-b0c1-f00d578a4f2b,Ed Davis,0,0,0,8.567901234567902,0.7530864197530864,0.43209876543209874,0.4074074074074074,0.7901234567901234,5.827160493827161
35a01009-9a1d-46e2-aeac-833fcbbd202e,Tyler Davis,0,0,0,1.0,0.0,0.0,0.0,0.0,0.0
5e3002b8-dd25-4d10-b910-65102a81e5ed,Dewayne Dedmon,0,0,0,7.5,1.40625,1.078125,1.109375,1.3125,10.828125
e8e48b6a-b7ae-4939-8c72-1fa96c2ba03d,Sam Dekker,0,0,0,3.148936170212766,0.9787234042553191,0.8085106382978723,0.14893617021276595,0.5106382978723404,6.1063829787234045
8ea7dccd-3c8a-43de-8b5b-3205c79d12db,Angel Delgado,0,0,0,2.0,0.0,0.5,0.0,0.0,1.5
760eae9d-7f27-4232-b6e2-4fda843bd712,Matthew Dellavedova,0,0,0,1.6041666666666667,3.7708333333333335,0.2916666666666667,0.041666666666666664,1.4166666666666667,5.875
388ecdd8-6949-468c-8786-985b8cf13f94,Luol Deng,0,0,0,3.3181818181818183,0.8181818181818182,0.6818181818181818,0.36363636363636365,0.6363636363636364,7.136363636363637
9db8c1d8-8b33-41e4-8927-c2dbfeae11fa,DeMar DeRozan,0,0,0,6.0,6.1688311688311686,1.1168831168831168,0.4675324675324675,2.5844155844155843,21.233766233766232
3e40babe-4189-4a91-af9d-b013e7751a25,Marcus Derrickson,0,0,0,1.1818181818181819,0.09090909090909091,0.0,0.09090909090909091,0.2727272727272727,4.181818181818182
40ff9d3d-43ab-402b-a6e3-3e33a7b804ab,Cheick Diallo,0,0,0,5.1875,0.515625,0.453125,0.515625,0.765625,6.046875
dee29d93-745d-4137-ac58-c9230e36cb6f,Hamidou Diallo,0,0,0,1.9019607843137254,0.3333333333333333,0.4117647058823529,0.19607843137254902,0.45098039215686275,3.7254901960784315
03151ac4-0fc5-4b4e-aef4-c2a9dab4d96a,Gorgui Dieng,0,0,0,4.092105263157895,0.9473684210526315,0.631578947368421,0.5394736842105263,0.75,6.381578947368421
7af6cfb4-897a-4d1d-91cd-c2ee840467f2,Spencer Dinwiddie,0,1,0,2.4411764705882355,4.573529411764706,0.5882352941176471,0.25,2.235294117647059,16.808823529411764
c34fb19c-b9e9-4fca-b5d4-f2e2526b49c3,Donte DiVincenzo,0,0,0,2.4074074074074074,1.1481481481481481,0.48148148148148145,0.2222222222222222,0.7037037037037037,4.851851851851852
ddf2f66a-79e8-495e-822c-61e30d5e7800,Luka Doncic,0,0,0,7.819444444444445,5.958333333333333,1.0694444444444444,0.3472222222222222,3.4305555555555554,21.194444444444443
13a971db-3cbe-4d53-9ded-6d840cd51c9e,Tyler Dorsey,0,0,0,2.3541666666666665,1.1666666666666667,0.2916666666666667,0.041666666666666664,0.5625,6.166666666666667
97bef1a7-f079-49aa-b152-4a177900fbd1,Damyean Dotson,0,0,0,3.589041095890411,1.8493150684931507,0.7945205479452054,0.136986301369863,0.9726027397260274,10.67123287671233
cd7eaf15-bb58-4545-b435-a21e4cf90ee3,PJ Dozier,0,0,0,2.8333333333333335,0.8333333333333334,0.3333333333333333,0.0,0.0,3.1666666666666665
2286026a-d8e1-43a4-8fa8-178599e8c960,Goran Dragic,0,0,0,3.0833333333333335,4.833333333333333,0.8333333333333334,0.1388888888888889,1.9722222222222223,13.722222222222221
87d01495-244f-4f6c-a413-d80d2297b335,Andre Drummond,0,0,0,15.594936708860759,1.4177215189873418,1.7215189873417722,1.7468354430379747,2.2151898734177213,17.341772151898734
3621a232-d6c1-47ac-98c5-f910f65a3dd1,Jared Dudley,0,0,0,2.6271186440677967,1.4067796610169492,0.6101694915254238,0.2711864406779661,0.7288135593220338,4.864406779661017
9ce49b87-b1c9-468e-bbde-56512ceceb48,Kris Dunn,0,0,0,4.065217391304348,6.021739130434782,1.4782608695652173,0.45652173913043476,2.260869565217391,11.282608695652174
18bf6098-af61-4d18-8b34-e8b3096c423c,Kevin Durant,1,0,0,6.371794871794871,5.858974358974359,0.7435897435897436,1.0769230769230769,2.8846153846153846,25.987179487179485
2de55100-80b5-4ea5-adb5-451fdabcf019,Trevon Duval,0,0,0,0.3333333333333333,0.6666666666666666,0.0,0.0,0.0,1.6666666666666667
9e9d34a4-b2a6-4485-9907-2e08a0d883c7,Vince Edwards,0,0,0,1.0,0.0,0.0,0.0,0.0,1.5
a169fe36-968f-4a33-867e-cd602eac55f5,Henry Ellenson,0,0,0,3.473684210526316,0.8421052631578947,0.3684210526315789,0.10526315789473684,0.47368421052631576,6.0
d7808b0b-6e7c-473c-a901-ff0fce187774,Wayne Ellington,0,0,0,2.018867924528302,1.3584905660377358,1.0188679245283019,0.11320754716981132,0.7547169811320755,10.283018867924529
d60ed5f3-6d22-46a1-b531-46459707fb48,Joel Embiid,1,0,1,13.609375,3.65625,0.71875,1.90625,3.53125,27.515625
f0f0d014-d037-4b0b-be69-db623364a60a,James Ennis,0,0,0,3.1379310344827585,0.7068965517241379,0.7068965517241379,0.39655172413793105,0.5862068965517241,6.706896551724138
7525fbcb-9614-47d3-91de-48a62be06899,Drew Eubanks,0,0,0,1.4782608695652173,0.30434782608695654,0.08695652173913043,0.21739130434782608,0.34782608695652173,1.7826086956521738
2eac93cb-1ecf-449f-be27-0667ca244700,Jacob Evans,0,0,0,0.8333333333333334,0.7666666666666667,0.16666666666666666,0.1,0.36666666666666664,1.3333333333333333
7ce94010-179f-4e83-9dbd-c6381f83019c,Jawun Evans,0,0,0,1.5,1.25,0.375,0.0,0.75,0.75
2e499627-6e89-4830-8acd-baa6511119e4,Tyreke Evans,0,0,0,2.9130434782608696,2.4057971014492754,0.8405797101449275,0.2608695652173913,1.710144927536232,10.231884057971014
06f6fed1-b346-464d-841e-6f3a5ae99042,Dante Exum,0,0,0,1.619047619047619,2.619047619047619,0.3333333333333333,0.11904761904761904,1.2380952380952381,6.857142857142857
268e46dc-0e11-4cf7-8f60-c91e544c5877,Kenneth Faried,0,0,0,6.756756756756757,0.5405405405405406,0.4594594594594595,0.6216216216216216,0.8918918918918919,10.378378378378379
86e75986-c418-4b86-87c5-616a3361f936,Derrick Favors,0,0,0,7.368421052631579,1.1710526315789473,0.7368421052631579,1.394736842105263,1.105263157894737,11.802631578947368
0bf45ec8-ba24-4d41-aca1-b64d0828cf11,Cristiano Felicio,0,0,0,3.6333333333333333,0.6166666666666667,0.18333333333333332,0.11666666666666667,0.55,4.0
bde3b098-439d-45b6-9da2-017401f9563e,Raymond Felton,0,0,0,1.0303030303030303,1.5757575757575757,0.30303030303030304,0.18181818181818182,0.42424242424242425,4.303030303030303
ad1d303a-6515-4ede-b06c-14a1cebc08f7,Terrance Ferguson,0,0,0,1.9054054054054055,0.972972972972973,0.5405405405405406,0.21621621621621623,0.6351351351351351,6.9324324324324325
10c1fd41-dd86-43b2-a1b0-1b06a1718b66,Yogi Ferrell,0,0,0,1.5352112676056338,1.9295774647887325,0.5070422535211268,0.056338028169014086,0.5633802816901409,5.915492957746479
7afe22f8-fa50-4fd4-b5c1-63f5c1aeebec,Dorian Finney-Smith,0,0,0,4.802469135802469,1.1728395061728396,0.8518518518518519,0.4444444444444444,0.9135802469135802,7.506172839506172
9f15f27d-2e2c-4dc3-b5e0-f14be8f522ef,Bryn Forbes,0,1,0,2.9146341463414633,2.1341463414634148,0.5487804878048781,0.04878048780487805,0.975609756097561,11.792682926829269
ff46b78b-d3dc-4b91-a23f-d94dd1bf7da3,Evan Fournier,0,0,0,3.185185185185185,3.6419753086419755,0.8765432098765432,0.14814814814814814,1.9012345679012346,15.135802469135802
72ac60b0-f99c-4466-b956-239a3b1bee2c,De'Aaron Fox,0,1,0,3.753086419753086,7.283950617283951,1.6419753086419753,0.5555555555555556,2.802469135802469,17.271604938271604
d943aabc-f3d1-4e32-b850-38d6df7fe86b,Melvin Frazier,0,0,0,0.5,0.1,0.1,0.0,0.1,1.5
811b9ec6-6065-40da-a60a-fc3c67cd3c27,Tim Frazier,0,0,0,2.847457627118644,4.203389830508475,0.5084745762711864,0.0847457627118644,1.2881355932203389,5.254237288135593
27c4f869-eb8f-463b-9970-3b7ad19428ee,Jimmer Fredette,0,0,0,1.1666666666666667,1.3333333333333333,0.5,0.0,0.8333333333333334,3.6666666666666665
0da87e2d-dbdb-4e3e-aa97-fd552ebb6c32,Enes Freedom,0,0,0,9.835820895522389,1.7313432835820894,0.47761194029850745,0.3880597014925373,1.7611940298507462,13.656716417910447
91c80526-55f3-4824-ba3b-c153a0ceab1e,Channing Frye,0,0,0,1.4444444444444444,0.5555555555555556,0.16666666666666666,0.1388888888888889,0.3611111111111111,3.5833333333333335
f96e8176-4e54-4590-aea5-f01cd79f2b6d,Markelle Fultz,0,0,0,3.6842105263157894,3.1052631578947367,0.8947368421052632,0.2631578947368421,1.3157894736842106,8.157894736842104
eda98768-19e2-4da2-9427-e6810e6c89f1,Danilo Gallinari,0,1,0,6.132352941176471,2.6176470588235294,0.7205882352941176,0.3382352941176471,1.4558823529411764,19.794117647058822
573ba3db-bb16-4090-a7c3-ef485a14cf02,Langston Galloway,0,0,0,2.1375,1.0625,0.4625,0.1,0.3,8.4
cd959477-3fab-433e-8541-e63da65a804c,Billy Garrett,0,0,0,0.75,1.75,0.25,0.25,0.5,6.5
2f3614cc-50c6-4d10-9e68-0dbd76996be1,Marc Gasol,0,0,0,7.936708860759493,4.417721518987341,1.0632911392405062,1.0886075949367089,1.9620253164556962,13.556962025316455
958559b3-526c-4da3-8c43-5131c8f88f15,Pau Gasol,0,0,0,4.566666666666666,1.7333333333333334,0.16666666666666666,0.5,0.5333333333333333,3.933333333333333
6bd307af-80cc-4f83-9a13-6c39d7104edd,Rudy Gay,0,0,0,6.811594202898551,2.63768115942029,0.782608695652174,0.4927536231884058,1.6521739130434783,13.710144927536232
aee748f1-98f6-41d0-9638-949a79ffc97c,Paul George,1,1,1,8.155844155844155,4.12987012987013,2.207792207792208,0.44155844155844154,2.6623376623376624,28.038961038961038
2596a112-de3e-4d1e-b3fc-7b2bee8eaa13,Taj Gibson,0,0,0,6.542857142857143,1.2,0.7571428571428571,0.5571428571428572,1.042857142857143,10.757142857142858
50d6c596-c833-4806-bef0-1a7dd5528e1e,Harry Giles,0,0,0,3.8275862068965516,1.4655172413793103,0.5344827586206896,0.3793103448275862,1.2586206896551724,7.0344827586206895
5de99f7d-2b40-4811-8bb0-5531274f3ad7,Shai Gilgeous-Alexander,0,0,0,2.8292682926829267,3.292682926829268,1.170731707317073,0.5487804878048781,1.7195121951219512,10.841463414634147
e6940ed8-cdba-4d19-84e7-b0f1eb366550,Rudy Gobert,1,0,1,12.851851851851851,1.9876543209876543,0.8148148148148148,2.308641975308642,1.6049382716049383,15.851851851851851
c58ca851-b2c1-41be-bd33-6b3712587ff3,Brandon Goodwin,0,0,0,0.1875,0.875,0.0,0.0,0.1875,1.4375
61de29fc-0519-4c64-9074-781c6f09468c,Aaron Gordon,0,0,0,7.358974358974359,3.7051282051282053,0.7307692307692307,0.717948717948718,2.076923076923077,15.974358974358974
69405d16-fe90-4dc0-a5f9-561186bbde0b,Eric Gordon,0,0,0,2.176470588235294,1.8970588235294117,0.6029411764705882,0.39705882352941174,1.3235294117647058,16.220588235294116
e0043cbc-9a59-4681-8efc-551d44256ecb,Marcin Gortat,0,0,0,5.553191489361702,1.3829787234042554,0.1276595744680851,0.5106382978723404,1.0638297872340425,4.957446808510638
a113f1b8-c57c-45f7-a909-a1d08fc195b1,Devonte' Graham,0,0,0,1.3695652173913044,2.630434782608696,0.5,0.043478260869565216,0.6521739130434783,4.717391304347826
382ad13f-7bba-4018-b7f1-94feeb098193,Treveon Graham,0,0,0,3.057142857142857,0.9714285714285714,0.37142857142857144,0.2,0.4857142857142857,5.257142857142857
0fa15f20-689c-4501-ae4c-5101c8edd5ef,Jerami Grant,0,1,0,5.2125,0.9875,0.7625,1.25,0.8375,13.625
f95a305b-8d30-49d7-ac80-913c3dc64b91,Jerian Grant,0,0,0,1.6333333333333333,2.6,0.7333333333333333,0.1,0.85,4.166666666666667
b18010ac-517f-499e-b76a-9a864a972113,Donte Grantham,0,0,0,0.0,0.0,0.0,0.0,0.0,0.0
a3452dfe-25b3-4ade-b221-d95dfde2243f,Danny Green,0,0,0,3.9625,1.575,0.9125,0.6625,0.9375,10.2625
cd5f8bc2-7255-4981-b6e7-66cdd1a6a9e9,Draymond Green,0,0,1,7.287878787878788,6.878787878787879,1.4393939393939394,1.0606060606060606,2.5606060606060606,7.363636363636363
86f561e9-f7e0-4859-8b24-5231c6a0e2e5,Gerald Green,0,0,0,2.493150684931507,0.547945205479452,0.4520547945205479,0.3698630136986301,0.7534246575342466,9.246575342465754
a9236ff0-8512-4b30-ac06-f1f8afd0dd3f,JaMychal Green,0,0,0,6.292307692307692,0.7692307692307693,0.6923076923076923,0.5230769230769231,1.3384615384615384,9.4
49f1fa54-f93d-43c5-9d3d-963165b1d3fa,Jeff Green,0,0,0,4.012987012987013,1.7792207792207793,0.5584415584415584,0.5064935064935064,1.3116883116883118,12.285714285714286
04e2c163-fbdc-4285-b451-202a40543c42,Blake Griffin,0,0,0,7.533333333333333,5.36,0.6933333333333334,0.37333333333333335,3.3733333333333335,24.546666666666667
75b6b0de-5ecf-4dd5-9a9d-5c8386be7cdf,Daniel Hamilton,0,0,0,2.473684210526316,1.1578947368421053,0.3157894736842105,0.05263157894736842,0.8421052631578947,3.0
bf200e68-c903-43e4-8494-e89a69aaeded,Dusty Hannahs,0,0,0,0.5,2.5,0.5,0.0,0.5,4.0
a56385ed-2610-4986-9e0a-e84ecf117e68,Tim Hardaway,0,0,0,3.4153846153846152,2.4461538461538463,0.8307692307692308,0.12307692307692308,1.6153846153846154,18.06153846153846
4cda3e4c-ca86-4129-a272-5ad68307c304,James Harden,1,0,0,6.641025641025641,7.512820512820513,2.0256410256410255,0.7435897435897436,4.961538461538462,36.12820512820513
8561a442-e480-4074-b263-b09500c6e532,Maurice Harkless,0,0,0,4.483333333333333,1.2333333333333334,1.1166666666666667,0.8833333333333333,0.75,7.666666666666667
612e12c3-d1e2-49e8-ac06-6f1a66b02e1a,Montrezl Harrell,0,1,0,6.524390243902439,1.975609756097561,0.8658536585365854,1.3414634146341464,1.6097560975609757,16.597560975609756
ef01dc61-7429-41c9-a01a-312a08889b32,Devin Harris,0,0,0,1.6470588235294117,1.7941176470588236,0.5147058823529411,0.23529411764705882,0.8235294117647058,6.294117647058823
74116bb7-088a-47d0-98fd-3d7f024e4431,Gary Harris,0,0,0,2.807017543859649,2.2280701754385963,0.9649122807017544,0.3333333333333333,1.1929824561403508,12.929824561403509
9f1706c2-6906-424b-8750-ad9fd766aebe,Joe Harris,0,0,0,3.8289473684210527,2.3815789473684212,0.5,0.2236842105263158,1.5921052631578947,13.697368421052632
349cd2ce-80d2-493a-be0f-45f80e443486,Tobias Harris,0,0,0,7.865853658536586,2.792682926829268,0.6219512195121951,0.45121951219512196,1.8414634146341464,20.048780487804876
a6a5b4d6-8aa5-4770-a498-dff6da80475b,Andrew Harrison,0,0,0,1.1764705882352942,1.411764705882353,0.23529411764705882,0.11764705882352941,0.7058823529411765,3.176470588235294
d3cdf4fc-0aa7-4d9e-a86d-9092dbfd14ef,Shaquille Harrison,0,0,0,3.041095890410959,1.904109589041096,1.2191780821917808,0.410958904109589,0.821917808219178,6.493150684931507
3a17e9c2-9b3c-4181-a9d5-2527cf507e45,Josh Hart,0,0,0,3.701492537313433,1.3880597014925373,0.9552238805970149,0.5970149253731343,0.8656716417910447,7.835820895522388
9caef3ab-3cd0-4318-958f-b7a6e16f28f2,Isaiah Hartenstein,0,0,0,1.6785714285714286,0.5357142857142857,0.25,0.42857142857142855,0.4642857142857143,1.8928571428571428
5c4536bd-2b3f-46b0-956c-ef772bbf5a3a,Udonis Haslem,0,0,0,2.7,0.2,0.0,0.0,0.3,2.5
57759fb3-c430-4b06-a0ed-9ea24034c31e,Gordon Hayward,0,0,0,4.472222222222222,3.388888888888889,0.8611111111111112,0.3194444444444444,1.4583333333333333,11.458333333333334
ad06ef83-25ea-48e0-b8e9-dc54bf34b55a,John Henson,0,0,0,5.071428571428571,1.0,0.5,0.7857142857142857,0.8571428571428571,5.642857142857143
b3b2f87c-c30d-4dec-8899-e7d49c1950ba,Juan Hernangomez,0,0,0,3.7857142857142856,0.7857142857142857,0.38571428571428573,0.34285714285714286,0.5285714285714286,5.828571428571428
d4cd659b-e7bf-4933-9a2f-18a3cd22a6b2,Willy Hernangomez,0,0,0,5.362068965517241,1.0344827586206897,0.27586206896551724,0.3448275862068966,1.0,7.258620689655173
97301eef-0ab3-46f7-965c-36c0f49563bd,Mario Hezonja,0,0,0,4.120689655172414,1.5172413793103448,0.9827586206896551,0.13793103448275862,1.5172413793103448,8.810344827586206
bc946eb3-0726-4633-bde3-5eb0c4c92aac,Isaiah Hicks,0,0,0,2.3333333333333335,0.6666666666666666,0.3333333333333333,1.0,0.3333333333333333,4.0
5e139d54-9e5c-4530-83df-64ab6fcfed67,Buddy Hield,0,1,0,5.024390243902439,2.5,0.7073170731707317,0.4024390243902439,1.7804878048780488,20.670731707317074
2ba07689-dab4-46b9-96a5-468696d0ab99,Haywood Highsmith,0,0,0,1.0,0.4,0.2,0.0,0.2,1.8
88a8ffc2-6c17-4ae2-8e67-5c7fa0a2c387,Nene Hilario,0,0,0,2.9285714285714284,0.6190476190476191,0.42857142857142855,0.35714285714285715,0.2619047619047619,3.5952380952380953
ea171ac2-8312-482a-94d6-aa792d667d56,George Hill,0,0,0,2.466666666666667,2.25,0.8666666666666667,0.13333333333333333,0.85,7.633333333333334
55d613c7-c2a0-4649-a6c5-eb935e3b31b8,Solomon Hill,0,0,0,3.022727272727273,1.25,0.5227272727272727,0.22727272727272727,0.7045454545454546,4.340909090909091
43b00d33-0aad-43bb-be07-2bece69e09b0,Aaron Holiday,0,0,0,1.34,1.74,0.42,0.26,0.8,5.88
7d59429e-06e6-45dc-8021-e7483e2c1104,Jrue Holiday,0,0,0,4.985074626865671,7.731343283582089,1.626865671641791,0.8059701492537313,3.1343283582089554,21.19402985074627
7d14bcd6-9292-4378-9e1f-793299ee3b11,Justin Holiday,0,0,0,3.9390243902439024,1.7804878048780488,1.475609756097561,0.43902439024390244,1.2682926829268293,10.451219512195122
b492319e-26ef-4205-bb69-a4b64185cd5d,John Holland,0,0,0,0.0,0.0,0.0,0.0,0.0,0.0
a1992794-3be9-4431-9624-5dcad48b6f0f,Rondae Hollis-Jefferson,0,0,0,5.254237288135593,1.6271186440677967,0.7457627118644068,0.4576271186440678,1.152542372881356,8.932203389830509
618b503f-20fb-4491-95f2-1dc51977c5ce,Richaun Holmes,0,0,0,4.728571428571429,0.8571428571428571,0.6,1.1285714285714286,0.7428571428571429,8.17142857142857
c7c08176-5302-483a-a99f-415ceeecfd46,Rodney Hood,0,0,0,2.1805555555555554,1.75,0.8194444444444444,0.16666666666666666,0.7638888888888888,11.180555555555555
4fab9762-5e8b-4580-ab07-fc5995402f83,Al Horford,0,0,0,6.735294117647059,4.161764705882353,0.8676470588235294,1.2647058823529411,1.5,13.602941176470589
857a0ce9-6477-42ed-b401-5bf966c86821,Danuel House,0,0,0,3.58974358974359,1.0256410256410255,0.5384615384615384,0.28205128205128205,0.8974358974358975,9.384615384615385
151cd964-bbec-497c-8abc-2a128c546193,Dwight Howard,0,0,0,9.222222222222221,0.4444444444444444,0.7777777777777778,0.4444444444444444,1.7777777777777777,12.777777777777779
bebaefc2-d997-467d-91a8-4290f37c5be2,Kevin Huerter,0,0,0,3.2666666666666666,2.8533333333333335,0.8666666666666667,0.3333333333333333,1.4533333333333334,9.693333333333333
a7714bb6-c7da-4c4e-9b87-576be8019d9d,Isaac Humphries,0,0,0,2.2,0.0,0.2,0.0,0.0,3.0
61714bc2-fda9-4c5d-84ee-c0ae31adfa2b,R.J. Hunter,0,0,0,3.0,3.0,1.0,0.0,0.0,17.0
7f53b90f-1dd4-46bc-b7fb-0e521f658dd9,Chandler Hutchison,0,0,0,4.204545454545454,0.7727272727272727,0.5227272727272727,0.13636363636363635,0.5681818181818182,5.204545454545454
d4b4a00b-7d3c-4304-a1c9-1bf85df5fae5,Serge Ibaka,0,0,0,8.121621621621621,1.337837837837838,0.3918918918918919,1.3918918918918919,1.5405405405405406,15.027027027027026
72a6d165-d540-4cf7-9353-6d704bf9929a,Andre Iguodala,0,0,0,3.7058823529411766,3.176470588235294,0.8970588235294118,0.75,0.7647058823529411,5.720588235294118
2dbd8296-7bef-4695-b144-68567d0cd826,Ersan Ilyasova,0,0,0,4.507462686567164,0.7761194029850746,0.47761194029850745,0.29850746268656714,0.7164179104477612,6.7611940298507465
cd43b867-5186-4eb6-8c32-1dc0e4a549f7,Joe Ingles,0,0,0,4.024390243902439,5.719512195121951,1.1951219512195121,0.24390243902439024,2.3536585365853657,12.121951219512194
94af94cc-a37e-4cba-b109-a76ae19fa228,Andre Ingram,0,0,0,0.5,0.0,0.25,0.0,0.25,0.0
23e7e528-e4d9-46f5-aa39-68360cd59951,Brandon Ingram,0,0,0,5.134615384615385,2.9615384615384617,0.5384615384615384,0.5961538461538461,2.480769230769231,18.26923076923077
e613cd20-a23c-42bc-9131-02d3ccc940eb,Kyrie Irving,0,0,0,5.0,6.925373134328358,1.537313432835821,0.5074626865671642,2.5671641791044775,23.82089552238806
6db16eb6-5bdb-4632-9a65-8bb4936670b3,Jonathan Isaac,0,0,0,5.48,1.0666666666666667,0.7866666666666666,1.3066666666666666,1.0,9.6
4ce3a78f-0467-493a-9719-04b2bebee166,Wesley Iwundu,0,0,0,2.7058823529411766,1.0735294117647058,0.4117647058823529,0.3235294117647059,0.6470588235294118,4.985294117647059
949e8ecd-45d8-40e2-8e7f-10824c1c1b67,Demetrius Jackson,0,0,0,0.5,0.8333333333333334,0.3333333333333333,0.0,0.16666666666666666,3.6666666666666665
c4fc648f-1047-4095-92dc-52446c55db99,Frank Jackson,0,0,0,2.19672131147541,1.1311475409836065,0.4098360655737705,0.03278688524590164,0.7868852459016393,8.114754098360656
2dc84dd2-fc57-4bb5-b6bf-dbbfe50dffeb,Jaren Jackson,0,0,0,4.689655172413793,1.103448275862069,0.896551724137931,1.4137931034482758,1.6896551724137931,13.758620689655173
7de573e1-af33-4e62-8422-f637e9a4af0e,Josh Jackson,0,0,0,4.3924050632911396,2.3164556962025316,0.9367088607594937,0.7088607594936709,2.189873417721519,11.518987341772151
15aad475-8f93-4fbe-9297-7335ea6091ad,Justin Jackson,0,0,0,2.617283950617284,1.1851851851851851,0.3950617283950617,0.1728395061728395,0.35802469135802467,7.197530864197531
47db9d1b-f52e-43a7-b92d-cbbe3ed0aa1a,Reggie Jackson,0,0,0,2.6341463414634148,4.195121951219512,0.6707317073170732,0.10975609756097561,1.8048780487804879,15.365853658536585
f34f00ac-199c-4211-aa03-d83380c97889,LeBron James,1,0,0,8.454545454545455,8.254545454545454,1.309090909090909,0.6,3.581818181818182,27.363636363636363
b261e91a-c6c5-48b3-97c2-666f5b7fb187,Amile Jefferson,0,0,0,1.75,0.25,0.25,0.25,0.08333333333333333,2.25
94085f30-6fde-47fe-90a4-bcb1d77b2038,John Jenkins,0,0,0,1.4230769230769231,0.8461538461538461,0.0,0.07692307692307693,0.34615384615384615,4.653846153846154
66b7efbc-1265-4187-af16-6342e672795e,Jonas Jerebko,0,0,0,3.9452054794520546,1.3150684931506849,0.3698630136986301,0.2465753424657534,0.589041095890411,6.287671232876712
831cc32d-304b-40f8-83d4-978dce3f1f5d,Alize Johnson,0,0,0,1.3571428571428572,0.07142857142857142,0.07142857142857142,0.21428571428571427,0.0,0.9285714285714286
1fc4ec8b-46b1-4be9-b162-01f57efe3274,Amir Johnson,0,0,0,2.8823529411764706,1.1764705882352942,0.3137254901960784,0.2549019607843137,0.8823529411764706,3.9411764705882355
1518a683-a4e1-406d-969e-3b9e913651e1,B.J. Johnson,0,0,0,1.1428571428571428,0.0,0.2857142857142857,0.0,0.2857142857142857,3.2857142857142856
27673e7a-e115-49f6-b222-f58b6c7a3ef3,James Johnson,0,0,0,3.2,2.4545454545454546,0.6363636363636364,0.4909090909090909,1.3454545454545455,7.781818181818182
cd9eb95d-e7ae-4911-9056-556a309bc539,Stanley Johnson,0,0,0,3.287878787878788,1.3333333333333333,0.9090909090909091,0.21212121212121213,1.2272727272727273,6.878787878787879
ff58293e-b99b-4e0e-b85f-6f16a7424546,Tyler Johnson,0,0,0,3.0350877192982457,2.912280701754386,0.9473684210526315,0.47368421052631576,1.3508771929824561,10.859649122807017
72e63f76-142c-46f7-a2fc-af0f7f1fe7b2,Wesley Johnson,0,0,0,1.894736842105263,0.6052631578947368,0.3684210526315789,0.3157894736842105,0.47368421052631576,3.3684210526315788
9a1a2f18-ba8b-4bb0-9eb7-d27d7607ec1b,Nikola Jokic,1,0,0,10.8125,7.25,1.35,0.6875,3.1,20.05
c90b77fd-f850-4a0d-8ef5-ed825d071983,Damian Jones,0,0,0,3.125,1.1666666666666667,0.5,1.0416666666666667,0.6666666666666666,5.416666666666667
171a2a14-dd3c-4ba8-b3e8-df907c619945,Derrick Jones,0,0,0,4.0,0.6166666666666667,0.7666666666666667,0.7,0.7166666666666667,7.033333333333333
fc06a1ce-9b39-4560-ac78-a6b7aa173042,Jalen Jones,0,0,0,2.125,0.4375,0.5625,0.125,0.5,5.0625
590c69d6-d7fe-4520-ae2d-023cd8bae75e,Jemerrio Jones,0,0,0,8.166666666666666,2.1666666666666665,1.1666666666666667,0.8333333333333334,0.8333333333333334,4.5
e66358f8-227b-44d8-b7fb-478ddf95c302,Terrence Jones,0,0,0,2.0,0.0,0.0,0.0,0.5,1.0
58157d07-3c2b-41fe-9955-7ee33191b49f,Tyus Jones,0,0,0,1.9705882352941178,4.8088235294117645,1.1911764705882353,0.07352941176470588,0.6911764705882353,6.882352941176471
feb4f789-9448-428c-9410-03ee0a5a639c,DeAndre Jordan,0,0,0,13.072463768115941,2.260869565217391,0.6086956521739131,1.0579710144927537,2.217391304347826,10.985507246376812
c2689fa5-0030-463a-b0ae-a8f784794aa7,Cory Joseph,0,0,0,3.402439024390244,3.9146341463414633,1.146341463414634,0.2682926829268293,0.975609756097561,6.548780487804878
417ec9d2-d41d-47c3-8602-fb55bb2a840d,Frank Kaminsky,0,0,0,3.4680851063829787,1.3404255319148937,0.2553191489361702,0.2553191489361702,0.8723404255319149,8.617021276595745
4e8c5a07-52c1-4914-bbf9-24b64e4f1532,Luke Kennard,0,0,0,2.9047619047619047,1.8095238095238095,0.4126984126984127,0.15873015873015872,0.9047619047619048,9.73015873015873
89aac429-0f11-4dea-8a9e-87b44afd30c9,Michael Kidd-Gilchrist,0,0,0,3.84375,0.953125,0.5,0.609375,0.671875,6.671875
b0334455-ce5e-4c00-abb6-be9dd22aa5f7,George King,0,0,0,1.0,0.0,0.0,0.0,0.0,0.0
b7eafc3d-f036-48fa-bd78-3906bdd42431,Maxi Kleber,0,0,0,4.633802816901408,0.9859154929577465,0.5070422535211268,1.0985915492957747,0.7605633802816901,6.830985915492958
bbe16b15-c14b-4a51-a935-badafc779362,Brandon Knight,0,0,0,1.5128205128205128,1.8205128205128205,0.5384615384615384,0.05128205128205128,0.7692307692307693,6.82051282051282
48714729-7643-45f2-9188-fbdece2be925,Kevin Knox,0,0,0,4.466666666666667,1.0933333333333333,0.5733333333333334,0.32,1.52,12.84
aff1eabf-f76c-406f-b556-6899c5f9e61e,Furkan Korkmaz,0,0,0,2.2291666666666665,1.0833333333333333,0.6041666666666666,0.041666666666666664,0.5208333333333334,5.8125
a8c6daac-8cf2-4442-b2bb-2c4faff70864,Luke Kornet,0,0,0,2.9347826086956523,1.173913043478261,0.5869565217391305,0.9130434782608695,0.5434782608695652,7.0
a519bb31-74ab-48ee-808c-987ba6d92b9c,Kyle Korver,0,0,0,2.3142857142857145,1.1571428571428573,0.35714285714285715,0.17142857142857143,0.8428571428571429,8.571428571428571
7cb24a54-c1a3-4704-aae9-b43e6603dd56,Kosta Koufos,0,0,0,4.214285714285714,0.8571428571428571,0.35714285714285715,0.42857142857142855,0.6428571428571429,3.7142857142857144
7ecba26a-ef45-4a6d-9ce0-3556c6a69789,Rodions Kurucs,0,0,0,3.9047619047619047,0.8253968253968254,0.6507936507936508,0.3968253968253968,1.2222222222222223,8.476190476190476
edfa4aec-f37d-42c3-ba16-50777cfdbc98,Kyle Kuzma,0,0,0,5.457142857142857,2.5428571428571427,0.5857142857142857,0.37142857142857144,1.9,18.685714285714287
5b9ec194-370f-4793-91c7-d366b49c1b8c,Skal Labissiere,0,0,0,1.9545454545454546,0.5,0.22727272727272727,0.2727272727272727,0.5,3.0454545454545454
5424c1d0-cc3c-4000-a2ee-aa3aa01f9065,Jeremy Lamb,0,0,0,5.493670886075949,2.1772151898734178,1.1139240506329113,0.4050632911392405,1.0126582278481013,15.291139240506329
26c63185-f696-41cc-8a42-412999c91473,Zach LaVine,0,1,0,4.666666666666667,4.492063492063492,0.9523809523809523,0.4126984126984127,3.4126984126984126,23.682539682539684
4967e5bc-b487-4ba2-957a-411f5104a56f,Jake Layman,0,0,0,3.056338028169014,0.7464788732394366,0.43661971830985913,0.4225352112676056,0.647887323943662,7.619718309859155
2d813b58-e5fd-4983-bf02-496c5aff8b54,T.J. Leaf,0,0,0,2.1551724137931036,0.41379310344827586,0.15517241379310345,0.3275862068965517,0.20689655172413793,3.8793103448275863
432da74c-9e71-424c-9a31-e1f34041a745,Courtney Lee,0,0,0,1.588235294117647,1.088235294117647,0.6176470588235294,0.08823529411764706,0.4117647058823529,4.0
e769fe9f-dbf0-4d39-b986-5610b1e4f7e7,Damion Lee,0,0,0,2.0,0.40625,0.40625,0.0,0.34375,4.9375
775c918e-1326-4674-867c-737c7da16d70,Walt Lemon,0,0,0,4.5,5.0,1.8333333333333333,0.16666666666666666,1.6666666666666667,14.333333333333334
cca02a24-b0b6-4e34-ae77-d6798fc296d5,Alex Len,0,0,0,5.5064935064935066,1.1168831168831168,0.35064935064935066,0.8961038961038961,1.2597402597402598,11.090909090909092
734d2713-6cb8-4f2d-99fa-f8c49bdc6cc1,Kawhi Leonard,1,0,1,7.316666666666666,3.316666666666667,1.7666666666666666,0.4,2.0166666666666666,26.6
c0477ca8-6d71-445a-a01b-5ed58ecebfaf,Meyers Leonard,0,0,0,3.819672131147541,1.2295081967213115,0.21311475409836064,0.14754098360655737,0.7049180327868853,5.852459016393443
d1dfcdb2-4077-47e5-a49e-5be93e2d4d86,Jon Leuer,0,0,0,2.3658536585365852,0.34146341463414637,0.2926829268292683,0.0975609756097561,0.5609756097560976,3.8048780487804876
0f0ed1d8-9aca-4a3c-ac59-4ba77b29c864,Caris LeVert,0,0,0,3.775,3.9,1.05,0.35,1.725,13.675
7e774819-3ac1-40fc-9451-b3f6e3c30c45,Damian Lillard,1,0,0,4.6375,6.8875,1.1,0.425,2.65,25.8375
e7b42baf-05fb-46e5-beb7-c521675e3431,Jeremy Lin,0,0,0,2.418918918918919,3.1216216216216215,0.6351351351351351,0.17567567567567569,1.6756756756756757,9.554054054054054
7940ea25-116c-454b-9510-b8827be9ac9c,Shaun Livingston,0,0,0,1.828125,1.78125,0.484375,0.421875,0.59375,4.03125
a035af44-2e07-4340-b14e-84b03c5ef2f2,Zach Lofton,0,0,0,0.0,0.0,1.0,0.0,1.0,0.0
d2c82379-df2f-4e57-8d96-99010c124912,Kevon Looney,0,0,0,5.2125,1.5375,0.575,0.6625,0.6375,6.25
41b3cf46-8125-40a0-be7c-faf0bcb1f744,Brook Lopez,0,0,0,4.888888888888889,1.2098765432098766,0.6296296296296297,2.2098765432098766,1.0123456790123457,12.45679012345679
dd0435f2-74de-4be0-b4de-fe7e998b6d62,Robin Lopez,0,0,0,3.864864864864865,1.2027027027027026,0.14864864864864866,1.054054054054054,1.2972972972972974,9.513513513513514
fe4fa15e-293e-43da-b4ca-e2936838c7df,Kevin Love,0,0,0,10.863636363636363,2.1818181818181817,0.2727272727272727,0.22727272727272727,1.9090909090909092,17.0
cd2344fc-651f-4ed5-94db-436d7585b330,Kyle Lowry,0,0,0,4.8,8.676923076923076,1.4,0.47692307692307695,2.8,14.246153846153845
4465eaa1-5ff7-4ac0-adba-ad40d631e64b,Jordan Loyd,0,0,0,0.75,0.5,0.0,0.0,0.16666666666666666,2.4166666666666665
7182892d-c03e-4c31-9862-ca0908164364,Kalin Lucas,0,0,0,3.0,1.0,0.0,0.0,0.0,2.0
109bfe65-6249-4222-91c0-7a9bec3da60a,Timothe Luwawu-Cabarrot,0,0,0,1.94,0.52,0.38,0.16,0.42,4.62
d4ab9ecd-f392-413f-b1db-1b2eb8428908,Tyler Lydon,0,0,0,0.72,0.24,0.08,0.0,0.16,0.92
972477c5-9b6f-41c0-9aff-6000b4417b82,Trey Lyles,0,0,0,3.84375,1.359375,0.46875,0.359375,1.0625,8.53125
d25546e0-f988-4960-b2b3-3ea1e343ad9d,Scott Machado,0,0,0,0.0,0.75,0.25,0.0,0.0,2.5
d73575b7-e1f6-499d-98a4-d78a9c3e8af6,Shelvin Mack,0,0,0,1.8245614035087718,3.210526315789474,0.8245614035087719,0.07017543859649122,1.1578947368421053,7.543859649122807
14bf4935-49ed-4cdf-b9ce-b4ddc664eee1,Daryl Macon,0,0,0,1.5,0.875,0.125,0.0,0.75,3.625
182fb76b-1e49-44a9-994b-afe68cb6afb1,J.P. Macura,0,0,0,1.5,1.0,0.0,0.0,0.0,3.0
fd281385-023c-4b86-917f-db88eb0cdd0d,Ian Mahinmi,0,0,0,3.764705882352941,0.7352941176470589,0.7352941176470589,0.47058823529411764,0.6176470588235294,4.088235294117647
9ec4f5cd-a5b4-407f-a9a8-7492d5219e9c,Thon Maker,0,0,0,3.15625,0.703125,0.328125,0.796875,0.515625,5.046875
6c3595ef-538d-49c8-91c0-d41c43e04466,Boban Marjanovic,0,0,0,4.568965517241379,0.9310344827586207,0.27586206896551724,0.46551724137931033,1.0172413793103448,7.275862068965517
5df149e4-80da-4a16-a394-83c4d04eb66b,Lauri Markkanen,0,0,0,9.038461538461538,1.4423076923076923,0.7115384615384616,0.6346153846153846,1.6346153846153846,18.73076923076923
a8af9730-a140-479e-b6c2-cb89f734dac0,Jarell Martin,0,0,0,1.7380952380952381,0.42857142857142855,0.07142857142857142,0.19047619047619047,0.2619047619047619,2.738095238095238
35d638c7-a3f8-422e-8c99-f196efca6bbb,Frank Mason,0,0,0,1.131578947368421,2.210526315789474,0.42105263157894735,0.10526315789473684,0.9473684210526315,5.131578947368421
824a1b15-f72d-4449-a84b-232681648aa5,Yante Maten,0,0,0,1.5,0.0,0.5,0.0,0.0,1.0
72c5c474-9d62-4891-a7c8-c03abccf2a8a,Wesley Matthews,0,0,0,2.463768115942029,2.318840579710145,0.782608695652174,0.2463768115942029,1.318840579710145,12.173913043478262
3f0c9f8e-4fe7-48bf-b992-d152b4d3cf87,Luc Mbah a Moute,0,0,0,1.75,0.5,0.25,0.25,0.5,5.0
68f66232-099e-44c6-ad67-a97a0d7c23c1,Tahjere McCall,0,0,0,1.0,0.0,0.0,0.0,0.0,4.0
6750df6f-3bd0-4b10-b3e3-d0c31347eb38,Patrick McCaw,0,0,0,1.6551724137931034,1.0,0.7931034482758621,0.06896551724137931,0.5862068965517241,2.5517241379310347
ae6e37f0-bba6-462e-8b50-331cd6f7f202,CJ McCollum,0,0,0,4.0285714285714285,2.9571428571428573,0.7857142857142857,0.4,1.5142857142857142,20.97142857142857
bdcfa5e4-7d66-4f48-928b-e9e2af830b47,T.J. McConnell,0,0,0,2.289473684210526,3.3947368421052633,1.0394736842105263,0.2236842105263158,1.1973684210526316,6.355263157894737
8b88b17f-233d-41f8-bc62-915f1167528d,Doug McDermott,0,0,0,1.4155844155844155,0.8701298701298701,0.23376623376623376,0.1038961038961039,0.5454545454545454,7.324675324675325
7a9e76ed-30c1-445a-936e-aaadc52118ed,JaVale McGee,0,0,0,7.546666666666667,0.6933333333333334,0.6266666666666667,1.9733333333333334,1.44,11.96
934dc31b-4788-48d4-ab70-43f4c9c01191,Rodney McGruder,0,0,0,3.606060606060606,1.696969696969697,0.5454545454545454,0.18181818181818182,0.9696969696969697,7.621212121212121
7da8616d-a1b7-4e27-a820-1b7ab32c784b,Alfonzo McKinnie,0,0,0,3.4305555555555554,0.4305555555555556,0.25,0.20833333333333334,0.4166666666666667,4.680555555555555
cfc14de1-95a5-40fa-aed3-75d3e1eea8bd,Ben McLemore,0,0,0,0.8947368421052632,0.21052631578947367,0.3157894736842105,0.15789473684210525,0.2631578947368421,3.9473684210526314
20ff94f7-cab0-42da-bcc4-37a67089f8e8,Jordan McRae,0,0,0,1.4814814814814814,1.1111111111111112,0.48148148148148145,0.25925925925925924,0.5555555555555556,5.925925925925926
8975a95c-bf43-4ac1-ba78-da141dcd76e4,Jodie Meeks,0,0,0,1.5,1.0,0.125,0.125,0.25,6.375
868199ee-9121-4158-9a89-8816dbc29508,Salah Mejri,0,0,0,3.638888888888889,0.9722222222222222,0.2777777777777778,0.7222222222222222,0.5833333333333334,3.9166666666666665
afb3f02f-7f08-4d77-b8f0-d41035977f08,De'Anthony Melton,0,0,0,2.68,3.18,1.36,0.46,1.5,5.0
976a7bab-6dd7-441e-b9cd-67bfded6039f,Chimezie Metu,0,0,0,1.2413793103448276,0.4482758620689655,0.20689655172413793,0.06896551724137931,0.5172413793103449,1.7586206896551724
d5375be6-d2d0-4e4e-a2d2-b076716d800b,Khris Middleton,0,0,0,5.987012987012987,4.298701298701299,1.0389610389610389,0.09090909090909091,2.25974025974026,18.272727272727273
0e5487f6-b888-4f1c-b512-0d63684a79d5,C.J. Miles,0,0,0,1.7924528301886793,0.6792452830188679,0.49056603773584906,0.2830188679245283,0.5660377358490566,6.39622641509434
646f102b-9eb9-424d-9b2f-d88d2a940084,Darius Miller,0,0,0,1.855072463768116,2.1159420289855073,0.5797101449275363,0.3333333333333333,0.855072463768116,8.217391304347826
b182219f-908e-4af0-beee-1ca763e97741,Malcolm Miller,0,0,0,0.5,0.1,0.1,0.1,0.1,3.5
2e897bb8-f01f-4779-9626-d5eba2a502e3,Patty Mills,0,0,0,2.2195121951219514,2.9878048780487805,0.5975609756097561,0.12195121951219512,1.1341463414634145,9.890243902439025
8a840966-b2f5-476e-aba1-e8e1d9b9ae41,Paul Millsap,0,0,0,7.214285714285714,2.0142857142857142,1.1857142857142857,0.7714285714285715,1.3571428571428572,12.614285714285714
18c9bdc4-74b6-4bf5-9377-f2e606b7c361,Shake Milton,0,0,0,1.75,0.9,0.4,0.4,0.3,4.35
7ff33e12-bca1-4453-af10-32d85a6f3268,Nikola Mirotic,0,0,0,7.369565217391305,1.1956521739130435,0.6739130434782609,0.7391304347826086,1.0434782608695652,15.152173913043478
37d5c54a-119e-40f8-b7ac-dbe48215f0a2,Donovan Mitchell,0,0,0,4.103896103896104,4.181818181818182,1.3766233766233766,0.4025974025974026,2.831168831168831,23.753246753246753
c3651970-7c59-465e-8324-69afadbfeaba,Naz Mitrou-Long,0,0,0,0.42857142857142855,1.0714285714285714,0.07142857142857142,0.07142857142857142,0.5714285714285714,1.1428571428571428
253080bf-49b0-4333-9d2f-560d39929d72,Malik Monk,0,0,0,1.8767123287671232,1.6027397260273972,0.5068493150684932,0.2602739726027397,1.178082191780822,8.945205479452055
4e0d1bb6-9350-4d82-8fb3-a89195b09815,Greg Monroe,0,0,0,4.0,0.5581395348837209,0.32558139534883723,0.18604651162790697,0.7441860465116279,5.348837209302325
9a247939-7d26-4435-b3f8-68e4e15eb3af,E'Twaun Moore,0,0,0,2.3962264150943398,1.9245283018867925,0.7547169811320755,0.1509433962264151,1.1132075471698113,11.943396226415095
16b360ac-2eba-4d77-a46d-d625ec877ade,Eric Moreland,0,0,0,4.0,0.8,0.2,0.2,1.0,1.4
cb5f06fb-4dca-44f9-bad5-c8fab316c9f7,Jaylen Morris,0,0,0,1.25,1.0,0.5,0.0,0.25,2.5
5bd7349b-83a9-4257-a5c0-9410b51e7aaf,Marcus Morris,0,0,0,6.1066666666666665,1.4533333333333334,0.5733333333333334,0.3333333333333333,1.2266666666666666,13.946666666666667
e114a862-9f5b-4601-9970-e197f4e7be6e,Markieff Morris,0,0,0,4.568965517241379,1.3620689655172413,0.6206896551724138,0.3793103448275862,0.9310344827586207,9.431034482758621
3c1b336b-c347-4b59-954e-5a92a198ee60,Monte Morris,0,0,0,2.3658536585365852,3.6219512195121952,0.8902439024390244,0.04878048780487805,0.6341463414634146,10.378048780487806
6439021b-8c84-47ea-a0bd-e6aa7497da04,Donatas Motiejunas,0,0,0,1.0,0.3333333333333333,0.0,0.3333333333333333,1.0,2.0
9d7ab10f-d6fc-4973-8562-cd719185e60e,Johnathan Motley,0,0,0,2.3181818181818183,0.5,0.22727272727272727,0.13636363636363635,0.7272727272727273,4.636363636363637
f7bff372-a967-4019-aff2-182aba0e3de3,Emmanuel Mudiay,0,0,0,3.3220338983050848,3.864406779661017,0.7288135593220338,0.3220338983050847,2.3728813559322033,14.796610169491526
c804b420-76d2-4c61-b79c-e66662c9e451,Jamal Murray,0,0,0,4.226666666666667,4.84,0.8933333333333333,0.36,2.1066666666666665,18.226666666666667
b03d320c-eea6-4b31-b007-e8ad4b76eae4,Dzanan Musa,0,0,0,0.5555555555555556,0.2222222222222222,0.2222222222222222,0.0,0.4444444444444444,2.111111111111111
a5850841-493a-43e3-b784-f8441a40cc7e,Mike Muscala,0,0,0,3.8125,1.1875,0.34375,0.59375,0.75,7.015625
d56a4804-9a54-4ebb-b08c-28a5210ab51a,Svi Mykhailiuk,0,0,0,0.8571428571428571,0.8809523809523809,0.3333333333333333,0.023809523809523808,0.5,3.1666666666666665
bdb6c237-6104-4ac2-87ed-a062036fad1c,Abdel Nader,0,0,0,1.901639344262295,0.32786885245901637,0.32786885245901637,0.19672131147540983,0.4262295081967213,3.9508196721311477
5f781ed4-e2c3-4b49-8453-eba8fc25b874,Larry Nance,0,0,0,8.238805970149254,3.1940298507462686,1.492537313432836,0.5970149253731343,1.4477611940298507,9.35820895522388
b80e8b81-d5b5-486c-8765-dfd88b498244,Shabazz Napier,0,0,0,1.7857142857142858,2.5535714285714284,0.7321428571428571,0.2857142857142857,1.1785714285714286,9.446428571428571
b0cfc09e-ba14-42d5-a43e-dffd75381e39,Raul Neto,0,0,0,1.6756756756756757,2.5135135135135136,0.3783783783783784,0.10810810810810811,0.9459459459459459,5.297297297297297
d37407d3-7fa8-4174-b4bc-156c8b2e97c2,Georges Niang,0,0,0,1.4745762711864407,0.5932203389830508,0.1694915254237288,0.1016949152542373,0.3898305084745763,3.983050847457627
b931e4f1-2f8d-4491-b23d-03c86596adb9,Joakim Noah,0,0,0,5.666666666666667,2.119047619047619,0.47619047619047616,0.7380952380952381,1.1904761904761905,7.095238095238095
c57a0f51-b893-448a-85b9-e8719950413a,Nerlens Noel,0,0,0,4.220779220779221,0.5844155844155844,0.8571428571428571,1.2467532467532467,0.6233766233766234,4.909090909090909
c3c81f61-c1b7-437d-9f9c-3b518deeca33,Dirk Nowitzki,0,0,0,3.0980392156862746,0.6862745098039216,0.17647058823529413,0.35294117647058826,0.35294117647058826,7.313725490196078
d98d433a-cdef-4275-887e-5daeb9c48361,Frank Ntilikina,0,0,0,2.0232558139534884,2.813953488372093,0.6976744186046512,0.32558139534883723,1.302325581395349,5.72093023255814
e868d081-1625-4f63-94bd-4117f805f4a1,James Nunnally,0,0,0,0.3333333333333333,0.4666666666666667,0.06666666666666667,0.0,0.06666666666666667,2.4
36deb7e5-7a28-4f5c-a566-d87e8b07b661,Jusuf Nurkic,0,0,0,10.38888888888889,3.236111111111111,0.9861111111111112,1.4305555555555556,2.3333333333333335,15.625
c4c851b1-3e01-434b-b6f3-7487729b3369,David Nwaba,0,0,0,3.196078431372549,1.0588235294117647,0.7058823529411765,0.3333333333333333,0.5686274509803921,6.549019607843137
51c05982-c5c5-4d6c-80e6-53ae37e4a561,Royce O'Neale,0,0,0,3.475609756097561,1.5121951219512195,0.6585365853658537,0.2926829268292683,0.8536585365853658,5.195121951219512
d552413a-7b59-4b16-a157-2e8c2902e622,Kyle O'Quinn,0,0,0,2.6444444444444444,1.2444444444444445,0.2,0.5555555555555556,0.6888888888888889,3.466666666666667
979a312c-c66c-40d0-8740-92cf58c7f4a4,Semi Ojeleye,0,0,0,1.5357142857142858,0.4107142857142857,0.17857142857142858,0.07142857142857142,0.3392857142857143,3.3214285714285716
d52dcce8-a0f3-4230-b533-91298726cc2e,Jahlil Okafor,0,0,0,4.711864406779661,0.6779661016949152,0.2542372881355932,0.6779661016949152,0.8813559322033898,8.203389830508474
9a8b468f-7cfa-4516-affe-e4cab2e66f94,Elie Okobo,0,0,0,1.849056603773585,2.3962264150943398,0.6037735849056604,0.1320754716981132,1.3018867924528301,5.735849056603773
5796a0fd-4878-4b4b-a9b2-0daee74085d8,Josh Okogie,0,0,0,2.945945945945946,1.2297297297297298,1.1891891891891893,0.44594594594594594,0.8513513513513513,7.702702702702703
7bc8d4f7-4aba-459d-a902-32ba857fffea,Victor Oladipo,0,0,0,5.611111111111111,5.166666666666667,1.6666666666666667,0.3055555555555556,2.2777777777777777,18.75
19c8b030-defc-4867-8126-e3483b06b193,Kelly Olynyk,0,0,0,4.746835443037975,1.7721518987341771,0.6708860759493671,0.46835443037974683,1.4430379746835442,9.962025316455696
53528122-0b46-46b1-8a15-87bf7d03e7b0,Cedi Osman,0,0,0,4.697368421052632,2.5657894736842106,0.7894736842105263,0.14473684210526316,1.5,13.039473684210526
0a172269-c974-4a38-8a68-458e02360aa6,Kelly Oubre,0,0,0,4.7101449275362315,1.2173913043478262,1.2173913043478262,0.855072463768116,1.4927536231884058,15.173913043478262
285e11e6-805d-43f5-9b01-513b0f3089a0,Zaza Pachulia,0,0,0,3.8970588235294117,1.338235294117647,0.45588235294117646,0.25,0.8382352941176471,3.926470588235294
6498f30e-dced-46a1-a827-29bddaff1fc4,Jabari Parker,0,0,0,6.578125,2.375,0.71875,0.46875,2.359375,14.53125
e8be66f2-a881-43a6-92ed-742575ab8164,Tony Parker,0,0,0,1.4821428571428572,3.6964285714285716,0.375,0.125,1.3392857142857142,9.464285714285714
e02aabce-02f0-4e69-bf55-120cb5fa06ee,Chandler Parsons,0,0,0,2.8,1.72,0.76,0.2,1.28,7.48
57b1263f-7b3e-4378-881e-1a9890e3e8b1,Patrick Patterson,0,0,0,2.3333333333333335,0.49206349206349204,0.25396825396825395,0.20634920634920634,0.3492063492063492,3.634920634920635
3e5a915b-1a18-4fc0-a61f-aa072f753d40,Justin Patton,0,0,0,2.0,1.0,0.6666666666666666,0.0,0.0,1.6666666666666667
22685b28-e8df-4e1d-9cfc-17ca1aad40be,Chris Paul,0,0,0,4.568965517241379,8.155172413793103,1.9655172413793103,0.3103448275862069,2.6206896551724137,15.620689655172415
a6bbe331-0da5-4388-80c5-83b6e928a0cc,Cameron Payne,0,0,0,1.8,2.65,0.7,0.225,1.125,6.25
84e73e17-af77-4d2e-a112-2d624bca841e,Elfrid Payton,0,0,0,5.238095238095238,7.619047619047619,1.0476190476190477,0.40476190476190477,2.6666666666666665,10.619047619047619
f40770bd-7a8a-4171-9f8e-ace557e6dbd5,Gary Payton,0,0,0,0.6666666666666666,1.3333333333333333,1.0,0.3333333333333333,0.3333333333333333,3.6666666666666665
c5423a9e-2b52-47c8-9390-51f6e4f0e298,Theo Pinson,0,0,0,2.0,1.1666666666666667,0.3333333333333333,0.0,1.0,4.5
ef2e4b39-8ea2-45ae-b087-8e35aaf4a862,Mason Plumlee,0,0,0,6.390243902439025,2.9634146341463414,0.8048780487804879,0.926829268292683,1.5365853658536586,7.7682926829268295
e0b433bf-b777-4176-a29a-78e0bb225c7c,Miles Plumlee,0,0,0,2.1666666666666665,0.9444444444444444,0.3333333333333333,0.2222222222222222,0.5555555555555556,4.444444444444445
26ea30d3-58b9-4714-9c40-9f97331704d4,Jakob Poeltl,0,0,0,5.324675324675325,1.2077922077922079,0.37662337662337664,0.8831168831168831,0.6233766233766234,5.4935064935064934
e5576dac-ba95-4c12-8cb6-f8c8a2b514a2,Quincy Pondexter,0,0,0,0.8679245283018868,0.4528301886792453,0.20754716981132076,0.018867924528301886,0.24528301886792453,1.849056603773585
c0f1b00b-14c3-4cd1-b5d1-25e23c8df3d0,Otto Porter,0,0,0,5.607142857142857,2.142857142857143,1.4642857142857142,0.5535714285714286,1.1607142857142858,13.928571428571429
5da56e43-90d1-418a-8157-4d8f65dfa3a3,Bobby Portis,0,0,0,8.06,1.44,0.7,0.4,1.48,14.2
1310a30c-854d-4480-b6f4-965f1b736e1a,Dwight Powell,0,0,0,5.337662337662338,1.4545454545454546,0.5714285714285714,0.6493506493506493,0.8701298701298701,10.584415584415584
06c783a2-bb52-4966-b293-3425c92376d2,Norman Powell,0,0,0,2.316666666666667,1.5166666666666666,0.65,0.21666666666666667,1.0833333333333333,8.6
53fc2282-99e6-414c-85d9-78aa7f2d5cd7,Alex Poythress,0,0,0,3.619047619047619,0.8095238095238095,0.19047619047619047,0.47619047619047616,0.6190476190476191,5.095238095238095
1f8928e3-b7de-4d49-8307-b86af0c54d6f,Taurean Prince,0,0,0,3.618181818181818,2.1454545454545455,0.9636363636363636,0.34545454545454546,1.8181818181818181,13.49090909090909
e80be7ea-051d-44e5-a102-63e5030401d9,Zhou Qi,0,0,0,0.0,0.0,0.0,0.0,0.0,2.0
8b5889ac-1e0d-4907-af7a-79e03656f9e1,Ivan Rabb,0,0,0,4.204081632653061,1.1020408163265305,0.3469387755102041,0.2857142857142857,0.7142857142857143,5.795918367346939
dd742e9b-b4a2-4f3e-9e87-c5a59da474f4,Chasson Randle,0,0,0,1.1428571428571428,1.9795918367346939,0.5102040816326531,0.061224489795918366,0.8775510204081632,5.530612244897959
4d6b9fe7-d6fa-4ad3-ac8f-9957137a84fe,Julius Randle,0,0,0,8.684931506849315,3.136986301369863,0.7123287671232876,0.6164383561643836,2.8493150684931505,21.438356164383563
778eb76c-c1b9-4899-a022-0f6c47dc0ec3,J.J. Redick,0,0,0,2.4473684210526314,2.710526315789474,0.42105263157894735,0.2236842105263158,1.3289473684210527,18.05263157894737
4af2d368-a6e6-421d-a033-417a1a11a2dd,Davon Reed,0,0,0,0.6,0.3,0.1,0.0,0.1,1.2
e8768ac1-e91f-40db-9dfa-ac10bc54bb14,Cameron Reynolds,0,0,0,1.631578947368421,0.6842105263157895,0.3157894736842105,0.10526315789473684,0.2631578947368421,5.0
86f69e24-8b1c-49cf-91c7-7b1b8928597e,Josh Richardson,0,1,0,3.6027397260273974,4.082191780821918,1.082191780821918,0.4657534246575342,1.547945205479452,16.561643835616437
cf1c692c-38fd-4c7d-9918-693a6b4db46e,Malachi Richardson,0,0,0,0.5909090909090909,0.0,0.045454545454545456,0.0,0.36363636363636365,1.3636363636363635
d7d3c1e5-418f-49c7-b1ba-3d6244a44944,Austin Rivers,0,0,0,2.1315789473684212,2.1973684210526314,0.618421052631579,0.3026315789473684,0.8947368421052632,8.131578947368421
2db8f056-e5f2-4be3-b535-a3ef389235a6,Devin Robinson,0,0,0,2.857142857142857,0.8571428571428571,0.5714285714285714,0.8571428571428571,0.2857142857142857,6.714285714285714
2a010330-d80a-4749-a887-dbbc171fbcc7,Duncan Robinson,0,0,0,1.2666666666666666,0.3333333333333333,0.3333333333333333,0.0,0.26666666666666666,3.3333333333333335
40f393db-b1e1-40cf-8622-2ed577dd13fe,Glenn Robinson,0,0,0,1.5106382978723405,0.44680851063829785,0.2978723404255319,0.1702127659574468,0.3829787234042553,4.212765957446808
54e4e8ec-6fb2-4a18-851b-8354089de09b,Jerome Robinson,0,0,0,1.2424242424242424,0.5757575757575758,0.3333333333333333,0.09090909090909091,0.3939393939393939,3.393939393939394
c4f967bc-0836-4e8a-912e-aa0a9b707cdc,Mitchell Robinson,0,0,0,6.409090909090909,0.5606060606060606,0.7878787878787878,2.4393939393939394,0.5303030303030303,7.348484848484849
fa8d69be-b12b-4d27-be7d-8b2740be2fce,Rajon Rondo,0,0,0,5.282608695652174,7.978260869565218,1.2391304347826086,0.15217391304347827,2.760869565217391,9.217391304347826
19f7ada3-18c4-4685-b7e6-f24ca96433a7,Derrick Rose,0,1,0,2.7450980392156863,4.313725490196078,0.6078431372549019,0.23529411764705882,1.607843137254902,17.980392156862745
24ceaeb1-34e7-4b60-8c08-cce9d90b5cd3,Terrence Ross,0,0,0,3.45679012345679,1.6666666666666667,0.8888888888888888,0.35802469135802467,1.1111111111111112,15.098765432098766
18d67ea2-ab09-4e35-8247-eed8bc16cfd4,Terry Rozier,0,0,0,3.8860759493670884,2.9240506329113924,0.8607594936708861,0.26582278481012656,0.8607594936708861,8.962025316455696
41ba2252-1dc0-4bac-b93b-b94b0ee9ea82,Ricky Rubio,0,0,0,3.573529411764706,6.117647058823529,1.338235294117647,0.14705882352941177,2.6470588235294117,12.705882352941176
242d154c-8e2a-4f75-b3cf-03cdd6128bac,D'Angelo Russell,0,1,0,3.888888888888889,6.950617283950617,1.2345679012345678,0.24691358024691357,3.123456790123457,21.135802469135804
7e082967-3816-43ed-a193-acce52b2d2e6,Domantas Sabonis,0,1,0,9.324324324324325,2.864864864864865,0.6486486486486487,0.40540540540540543,2.1621621621621623,14.094594594594595
895b593e-1960-4aab-a78c-412aa27d6baf,Brandon Sampson,0,0,0,1.1428571428571428,0.7142857142857143,0.5714285714285714,0.21428571428571427,0.8571428571428571,5.071428571428571
60f39b6a-df41-438c-97c6-492e97856434,JaKarr Sampson,0,0,0,8.0,1.0,1.0,0.75,1.0,20.0
6a540b48-8037-48b1-b2eb-b512f2398364,Dario Saric,0,0,0,5.6419753086419755,1.5679012345679013,0.5555555555555556,0.1111111111111111,1.1975308641975309,10.592592592592593
f743939b-0116-4539-9dc1-58595641655e,Tomas Satoransky,0,0,0,3.4875,4.9875,1.025,0.1625,1.5,8.8625
791d746e-9152-46d9-b783-5b8e95886f65,Dennis Schroder,0,0,0,3.5949367088607596,4.0886075949367084,0.8227848101265823,0.1518987341772152,2.1772151898734178,15.49367088607595
14bea3e2-5b9e-4824-af3a-a77f2dac3ec9,Mike Scott,0,0,0,3.4936708860759493,0.8354430379746836,0.3291139240506329,0.16455696202531644,0.5569620253164557,5.810126582278481
42e1085e-1c05-494a-b7bf-f9f9146eb4d4,Thabo Sefolosha,0,0,0,2.46,0.54,0.86,0.1,0.5,3.8
83df063c-0f64-4bfc-aad3-6595cbaac610,Wayne Selden,0,0,0,2.4,1.4533333333333334,0.44,0.17333333333333334,1.0533333333333332,6.8533333333333335
b08cd9f0-1d9b-48b6-bdac-0b93c8a69387,Collin Sexton,0,0,0,2.8780487804878048,2.9634146341463414,0.5365853658536586,0.07317073170731707,2.2560975609756095,16.71951219512195
9536ae45-66de-46ab-8d3a-dd943a8f250e,Landry Shamet,0,0,0,1.6962025316455696,1.481012658227848,0.46835443037974683,0.12658227848101267,0.569620253164557,9.139240506329115
8675d873-8534-45c9-9ab5-3c4c78f208c1,Iman Shumpert,0,0,0,2.9516129032258065,1.8064516129032258,0.9516129032258065,0.3870967741935484,0.8064516129032258,7.5
42f55ab1-cdf8-46a5-99ec-3dc9491e4316,Pascal Siakam,0,1,0,6.8625,3.1,0.9125,0.65,1.925,16.925
05b2c539-8346-4cf6-b5b8-3cd833b3be5a,Jordan Sibert,0,0,0,0.0,0.0,0.0,0.0,0.0,3.0
cd51ca28-bd29-4851-be5a-09ee08d4ca3c,Ben Simmons,0,0,0,8.822784810126583,7.7215189873417724,1.4177215189873418,0.7721518987341772,3.4683544303797467,16.924050632911392
f4fe871b-36c7-4be8-8cf8-f88a58668956,Jonathon Simmons,0,0,0,2.25,2.2857142857142856,0.5178571428571429,0.26785714285714285,1.2142857142857142,6.535714285714286
9538205e-33ae-480d-8f52-5e3d115ee5f6,Kobi Simmons,0,0,0,0.0,0.0,0.0,0.0,0.0,0.0
d8be45a8-3911-445b-a9bf-8e52a2fc0c7c,Anfernee Simons,0,0,0,0.65,0.65,0.05,0.0,0.55,3.75
f06a8f5f-5953-4cd7-90a1-8e780a54d1db,Marcus Smart,0,0,1,2.925,4.0125,1.7875,0.35,1.5375,8.85
468dc861-540a-47f3-8d28-cfc557affc21,Dennis Smith,0,0,0,2.9245283018867925,4.754716981132075,1.2641509433962264,0.37735849056603776,2.9056603773584904,13.622641509433961
2f20fa8a-c700-4cb6-9737-663a61dc3cf3,Ish Smith,0,0,0,2.5892857142857144,3.625,0.5,0.19642857142857142,1.0892857142857142,8.946428571428571
68f0129c-3884-4a5a-b61f-e2e33cb6bb10,J.R. Smith,0,0,0,1.6363636363636365,1.9090909090909092,1.0,0.2727272727272727,1.0,6.7272727272727275
b524868b-6a51-48ba-96f1-8b8bb4dd019b,Jason Smith,0,0,0,2.6,0.7,0.15,0.35,0.65,3.25
da1ed38b-5fe7-42ee-9954-80409d56b7b6,Zhaire Smith,0,0,0,2.1666666666666665,1.6666666666666667,0.3333333333333333,0.3333333333333333,1.0,6.666666666666667
351002fe-9740-448b-ad0b-9e8098b84533,Tony Snell,0,0,0,2.1216216216216215,0.918918918918919,0.35135135135135137,0.24324324324324326,0.3108108108108108,6.0
1e5832da-69d8-4563-b499-e14b90b75d3a,Ray Spalding,0,0,0,3.4285714285714284,0.35714285714285715,0.6428571428571429,0.5714285714285714,0.6428571428571429,3.857142857142857
2579ad7a-cd45-45c7-9080-f476e3fb0f6b,Omari Spellman,0,0,0,4.217391304347826,1.0217391304347827,0.5652173913043478,0.5434782608695652,0.6739130434782609,5.913043478260869
230c2198-2ebf-407e-8ad1-e00e63b8d670,Nik Stauskas,0,0,0,1.8676470588235294,1.1911764705882353,0.3088235294117647,0.10294117647058823,0.75,5.867647058823529
624ac434-2f2e-48fc-9356-c00f8815b114,D.J. Stephens,0,0,0,0.0,0.0,1.0,0.0,1.0,2.0
f2db969c-9112-4e11-9179-c9547dd8ba19,Lance Stephenson,0,0,0,3.161764705882353,2.0588235294117645,0.6029411764705882,0.10294117647058823,1.2647058823529411,7.220588235294118
972a0341-ac2f-4dc5-84d3-9480d0e42147,Edmond Sumner,0,0,0,1.0434782608695652,0.43478260869565216,0.5217391304347826,0.21739130434782608,0.43478260869565216,2.869565217391304
fe542e82-0609-4e3d-aed5-6e38369b63db,Caleb Swanigan,0,0,0,3.0476190476190474,0.5238095238095238,0.2857142857142857,0.047619047619047616,0.8571428571428571,2.0476190476190474
1d93ad03-b566-42f1-aa6c-e1eabf851e27,Jayson Tatum,0,0,0,6.037974683544304,2.1265822784810124,1.0632911392405062,0.7215189873417721,1.5443037974683544,15.734177215189874
3d6dc2cb-34ca-4b2a-acbe-93535f94e764,Jeff Teague,0,0,0,2.5238095238095237,8.166666666666666,1.0238095238095237,0.42857142857142855,2.3095238095238093,12.142857142857142
6df3a7a3-26ce-4abc-bf50-bff72ad86e45,Garrett Temple,0,0,0,2.88,1.4133333333333333,1.0133333333333334,0.4,0.9333333333333333,7.8133333333333335
746282e7-6f30-4a47-b772-1f875db81044,Milos Teodosic,0,0,0,1.0666666666666667,2.1333333333333333,0.2,0.06666666666666667,1.4,3.2
19999659-95ee-45c6-940f-c5c4f9919183,Jared Terrell,0,0,0,0.42857142857142855,0.8571428571428571,0.21428571428571427,0.14285714285714285,0.7142857142857143,2.2142857142857144
8f458c49-70da-4050-bc52-1db18d50eacd,Emanuel Terry,0,0,0,2.3333333333333335,0.6666666666666666,1.0,0.0,0.6666666666666666,3.3333333333333335
1fdd8112-cd37-4624-ac74-a2a8f446c2a0,Daniel Theis,0,0,0,3.409090909090909,1.0303030303030303,0.3181818181818182,0.6363636363636364,0.5,5.666666666666667
99d673c6-a6a2-4293-9e23-ec57a37be33e,Isaiah Thomas,0,0,0,1.0833333333333333,1.9166666666666667,0.4166666666666667,0.08333333333333333,1.5,8.083333333333334
d8d439b1-2eb3-4771-90b4-0664a09ee80c,Khyri Thomas,0,0,0,0.7692307692307693,0.3076923076923077,0.2692307692307692,0.19230769230769232,0.15384615384615385,2.3461538461538463
83fafc85-a5df-48e4-b611-2436e1195518,Lance Thomas,0,0,0,2.5434782608695654,0.5869565217391305,0.3695652173913043,0.15217391304347827,0.5217391304347826,4.456521739130435
92d01ec7-3b06-42b7-9487-a8d4d5f669e9,Klay Thompson,0,0,0,3.8333333333333335,2.3846153846153846,1.0769230769230769,0.6025641025641025,1.4743589743589745,21.53846153846154
24c64fd4-9dfc-4eab-9452-d0ded3c9ae51,Tristan Thompson,0,0,0,10.186046511627907,2.0,0.6511627906976745,0.37209302325581395,1.372093023255814,10.930232558139535
c863d680-795d-4e02-bfea-65fd478bc69e,Sindarius Thornwell,0,0,0,0.6875,0.28125,0.21875,0.109375,0.3125,0.96875
ab843fa6-b231-4099-ada2-bf71da3059cc,Anthony Tolliver,0,0,0,2.723076923076923,0.7076923076923077,0.26153846153846155,0.3230769230769231,0.5538461538461539,5.015384615384615
905b9978-1b97-421f-b2c5-3278ad17dd71,Karl-Anthony Towns,0,0,0,12.38961038961039,3.3636363636363638,0.8701298701298701,1.6233766233766234,3.116883116883117,24.415584415584416
a4d18eae-e229-485c-9395-93e51c2e4424,Gary Trent,0,0,0,0.7333333333333333,0.3333333333333333,0.06666666666666667,0.13333333333333333,0.26666666666666666,2.6666666666666665
4313fa67-fc27-4b8b-96f3-95a205ae8b4e,Allonzo Trier,0,0,0,3.078125,1.859375,0.4375,0.21875,1.8125,10.859375
efb91f86-bf8f-4322-9a7c-30ef66735996,P.J. Tucker,0,0,0,5.841463414634147,1.170731707317073,1.6097560975609757,0.47560975609756095,0.7682926829268293,7.329268292682927
18459dda-5edc-4b41-a547-0a3c1f359b4c,Evan Turner,0,0,0,4.493150684931507,3.8767123287671232,0.4520547945205479,0.2465753424657534,1.5616438356164384,6.767123287671233
f9d6fc42-ea0c-4cf6-b3a5-0926470e00ec,Myles Turner,0,0,1,7.175675675675675,1.554054054054054,0.8108108108108109,2.689189189189189,1.3513513513513513,13.297297297297296
56289d1d-c909-4296-8970-10f663c40fcc,Ekpe Udoh,0,0,0,1.7647058823529411,0.5490196078431373,0.19607843137254902,0.6078431372549019,0.2549019607843137,2.3333333333333335
33521b63-35f5-4d08-863e-9327efbef421,Tyler Ulis,0,0,0,0.0,0.0,0.0,0.0,0.0,0.0
437893cd-9234-47c7-8969-51420cdead42,Jonas Valanciunas,0,0,0,8.551020408163266,1.4285714285714286,0.3877551020408163,1.0816326530612246,1.836734693877551,15.571428571428571
cce5be20-ded3-4fad-8dfc-2aec23abccfe,Jarred Vanderbilt,0,0,0,1.3529411764705883,0.17647058823529413,0.35294117647058826,0.058823529411764705,0.47058823529411764,1.411764705882353
b5f79218-c7c8-4e64-b877-476fae98eda6,Fred VanVleet,0,0,0,2.609375,4.796875,0.890625,0.3125,1.28125,10.953125
36d9e87b-ffc5-4078-b170-1904aa7e8e5f,Noah Vonleh,0,0,0,7.764705882352941,1.8970588235294117,0.6764705882352942,0.75,1.2941176470588236,8.397058823529411
7abeb220-aa75-45f4-9bc3-17d2de764013,Nikola Vucevic,0,1,0,12.0,3.8375,1.0125,1.1125,1.9875,20.8125
146894e5-8d25-4887-9540-192e0a75357b,Dwyane Wade,0,0,0,3.9583333333333335,4.180555555555555,0.8194444444444444,0.5277777777777778,2.3055555555555554,15.041666666666666
ed5ac07c-95aa-4cc5-9188-7af032a8995e,Moritz Wagner,0,0,0,1.9767441860465116,0.5581395348837209,0.2558139534883721,0.3023255813953488,0.9069767441860465,4.813953488372093
573de936-2024-417e-9186-2db693c5f96c,Dion Waiters,0,0,0,2.6363636363636362,2.75,0.6590909090909091,0.20454545454545456,1.4545454545454546,11.977272727272727
481f9644-4fdf-459a-afe5-fa55abca0b45,Kemba Walker,0,0,0,4.402439024390244,5.902439024390244,1.2439024390243902,0.4146341463414634,2.573170731707317,25.634146341463413
abb7fd60-a77c-4706-b0f1-008a776778ba,Lonnie Walker,0,0,0,1.0,0.5294117647058824,0.4117647058823529,0.17647058823529413,0.23529411764705882,2.6470588235294117
10351022-29c8-4f14-acea-8eea4a678fba,John Wall,0,0,0,3.625,8.71875,1.53125,0.90625,3.78125,20.71875
930d144e-8978-4a2d-80b6-8912ef55433c,Tyrone Wallace,0,0,0,1.6290322580645162,0.6774193548387096,0.3387096774193548,0.11290322580645161,0.5806451612903226,3.5161290322580645
5934943e-4b50-4214-bfed-f2bfbe331b1a,Brad Wanamaker,0,0,0,1.1388888888888888,1.5555555555555556,0.3333333333333333,0.05555555555555555,0.5277777777777778,3.888888888888889
48d560cf-c4a5-435d-b70c-e85d1f8515a1,T.J. Warren,0,0,0,4.046511627906977,1.4883720930232558,1.186046511627907,0.6744186046511628,1.2093023255813953,17.953488372093023
c7317d5c-158e-47ec-ac3d-ef3eda82b11f,Julian Washburn,0,0,0,2.2777777777777777,0.7777777777777778,0.7222222222222222,0.1111111111111111,0.3888888888888889,2.2222222222222223
3fd9f340-2f87-4dd7-9c2b-18b2b1cab492,Yuta Watanabe,0,0,0,2.066666666666667,0.5333333333333333,0.26666666666666666,0.06666666666666667,0.4,2.6
96fce29c-9f0a-4636-9328-78e467e10851,Thomas Welsh,0,0,0,0.36363636363636365,0.45454545454545453,0.0,0.0,0.09090909090909091,1.6363636363636365
50e0a567-48e9-4c3d-9cee-fbef01e9bc2b,Russell Westbrook,1,0,0,11.054794520547945,10.73972602739726,1.9452054794520548,0.4520547945205479,4.4520547945205475,22.945205479452056
127def3a-da12-4168-a207-4acb0e21d986,Derrick White,0,1,0,3.6865671641791047,3.925373134328358,1.0,0.7014925373134329,1.4477611940298507,9.895522388059701
6e751c35-4759-4eb0-ae32-0d1c9476cc09,Okaro White,0,0,0,0.6666666666666666,0.0,0.0,0.0,0.0,0.0
d4d83dc8-ccb7-4220-85bc-516ee3fcabe6,Hassan Whiteside,0,0,0,11.347222222222221,0.7777777777777778,0.6388888888888888,1.8888888888888888,1.3472222222222223,12.319444444444445
240352df-18d1-45b9-8fd1-4258c8293e09,Andrew Wiggins,0,0,0,4.821917808219178,2.5205479452054793,0.958904109589041,0.6575342465753424,1.8904109589041096,18.095890410958905
8db7233b-eaa4-4cfa-842b-e01168829f10,Alan Williams,0,0,0,3.8,0.6,0.2,0.0,0.2,3.6
9fd4a4de-abba-464a-8e78-3d750f529788,C.J. Williams,0,0,0,0.5333333333333333,0.8,0.4,0.0,0.3333333333333333,2.6
cb8de100-7b08-463a-9a10-a72ab7028b17,Johnathan Williams,0,0,0,4.125,0.5416666666666666,0.3333333333333333,0.2916666666666667,0.6666666666666666,6.541666666666667
e838d56e-e25d-44af-ac46-0a3d4d6716d7,Kenrich Williams,0,0,0,4.760869565217392,1.8043478260869565,0.9782608695652174,0.41304347826086957,0.782608695652174,6.065217391304348
0dcb3cdd-7343-4194-a9a8-ce4b58cbbdb7,Lou Williams,0,0,0,2.96,5.36,0.76,0.14666666666666667,2.4133333333333336,19.973333333333333
2f869802-3b8a-44e4-b69d-d72778a96d29,Marvin Williams,0,0,0,5.426666666666667,1.2266666666666666,0.9466666666666667,0.8133333333333334,0.6266666666666667,10.08
49ec8e78-09ec-4d0f-bbcc-f04427e0887f,Robert Williams,0,0,0,2.53125,0.21875,0.28125,1.25,0.3125,2.53125
cc4a35ee-de7a-4565-ae3e-88ce8e369fb4,Troy Williams,0,0,0,2.8095238095238093,0.5238095238095238,0.47619047619047616,0.38095238095238093,0.42857142857142855,5.285714285714286
f05d9963-6636-4ab0-9f3c-7249b14e99a8,D.J. Wilson,0,0,0,4.625,1.0833333333333333,0.375,0.4166666666666667,0.6666666666666666,5.833333333333333
c52c42c0-d051-4c10-978f-b159c0c6e8df,Justise Winslow,0,0,0,5.378787878787879,4.2727272727272725,1.0909090909090908,0.2878787878787879,2.1515151515151514,12.575757575757576
f0cb2d3b-e0a2-46fa-8179-0c93df769da0,Christian Wood,0,0,0,3.9523809523809526,0.38095238095238093,0.3333333333333333,0.47619047619047616,0.8095238095238095,8.19047619047619
b1a7ba0f-346e-499c-8864-e40f0a62a827,Delon Wright,0,0,0,3.546666666666667,3.3066666666666666,1.1733333333333333,0.4,1.0266666666666666,8.706666666666667
66dcf39b-eb53-42b2-99b2-829a146a9672,Guerschon Yabusele,0,0,0,1.2926829268292683,0.36585365853658536,0.1951219512195122,0.17073170731707318,0.36585365853658536,2.292682926829268
74de8fc4-c9cd-4ddb-bb75-0b1b4df87bb0,Nick Young,0,0,0,0.25,0.5,0.0,0.25,0.5,2.25
f82fe71f-5ac3-4203-bb9b-c0f18e3fe6ef,Thaddeus Young,0,0,0,6.45679012345679,2.5185185185185186,1.5185185185185186,0.4444444444444444,1.5185185185185186,12.641975308641975
0b5b7bc0-0d96-4524-b12f-75701edc23be,Trae Young,0,0,0,3.7160493827160495,8.061728395061728,0.8888888888888888,0.18518518518518517,3.802469135802469,19.123456790123456
59d6f9f3-33ad-4f42-a155-1043d4537432,Cody Zeller,0,0,0,6.795918367346939,2.0816326530612246,0.7755102040816326,0.8367346938775511,1.2653061224489797,10.142857142857142
b4356461-860a-498a-a59c-e5bc6e631513,Tyler Zeller,0,0,0,4.0,0.6666666666666666,0.16666666666666666,0.5,0.6666666666666666,7.666666666666667
a303fba6-28d3-4558-b266-70de34a0f45d,Ante Zizic,0,0,0,5.423728813559322,0.8983050847457628,0.22033898305084745,0.3728813559322034,1.0338983050847457,7.779661016949152
865e0838-29c5-409a-a751-4b54dee3148f,Ivica Zubac,0,0,0,6.135593220338983,1.0677966101694916,0.23728813559322035,0.864406779661017,1.1864406779661016,8.898305084745763
